The commit being tested is: 98287a1b2fb98a0670d914db11be56e44a751e63
#-----------------------------------------------------------------------------
##### (Start) Read a meta file for parameters #####
# 1 GND_TEMP X 0 X X 1
# 2 GND_ALT_OFFSET X 0 X X 0.1
# 3 GND_PRIMARY X 0 0 2 1
# 4 PILOT_THR_FILT X 0 0 10 0.5
# 5 PILOT_TKOFF_ALT X 0 0 1000 10
# 6 RTL_ALT X 1500 200 8000 1
# 7 RTL_ALT_FINAL X 0 0 1000 1
# 8 RNGFND_GAIN X 0.8 0.01 2 0.01
# 9 PILOT_ACCEL_Z X 250 50 500 10
# 10 WP_NAVALT_MIN X 0 0 5 X
# 11 LAND_ALT_LOW X 1000 100 10000 10
# 12 ATC_ANGLE_BOOST X 1 0 1 1
# 13 ATC_ANG_LIM_TC X 1 0.5 10 X
# 14 BCN_ALT X 0 0 10000 1
# 15 EK2_ALT_SOURCE TRUE 0 0 3 1
# 16 EK2_ALT_M_NSE X 3 0.1 10 0.1
# 17 EK2_WIND_PSCALE X 0.5 0 1 0.1
# 18 EK3_ALT_SOURCE TRUE 0 0 3 1
# 19 EK3_ALT_M_NSE X 3 0.1 10 0.1
# 20 EK3_WIND_PSCALE X 0.5 0 1 0.1
# 21 FENCE_ALT_MAX X 100 10 10000 1
# 22 PSC_POSZ_P X 1 1 3 X
# 23 SIM_FLOW_POS_Z X 0 X X X
# 24 GPS_POS1_Z X 0 -5 5 0.01
# 25 GPS_POS2_Z X 0 -5 5 0.01
# 26 RNGFND1_POS_Z X 0 -5 5 0.01
# 27 VISO_POS_Z X 0 -5 5 0.01
# 28 EK2_VELD_M_NSE X 0.7 0.05 5 0.05
# 29 GND_ALT_OFFSET X 0 X X 0.1
# 30 PILOT_THR_FILT X 0 0 10 0.500
# 31 PILOT_THR_BHV X 0 0 4 1.000
# 32 FS_THR_ENABLE X 1 0 5 1.000
# 33 FS_THR_VALUE X 975 925 1100 1.000
# 34 ACRO_THR_MID X 0 0 1 X
# 35 ATC_THR_MIX_MIN X 0.1 0.1 0.25 X
# 36 ATC_THR_MIX_MAX X 0.5 0.5 0.9 X
# 37 ATC_THR_MIX_MAN X 0.1 0.1 0.9 X
# 38 MOT_BOOST_SCALE X 0 0 5 0.100
# 39 MOT_SLEW_UP_TIME X 0 0 0.5 0.001
# 40 MOT_SLEW_DN_TIME X 0 0 0.5 0.001
# 41 ACRO_RP_P X 4.5 1 10 X
# 42 ACRO_BAL_ROLL X 1 0 3 0.1
# 43 ACRO_RP_EXPO X 0.3 -0.5 1 0.1
# 44 AHRS_TRIM_X X 0 -0.1745 0.1745 0.01
# 45 ATC_ACCEL_R_MAX X 110000 0 180000 1000
# 46 ATC_ANG_RLL_P X 4.5 0 12 X
# 47 ATC_RATE_R_MAX X 0 0 1080 1
# 48 ATC_RAT_RLL_P X 0.135 0.01 0.5 0.005
# 49 ATC_RAT_RLL_I X 0.135 0.01 2 0.01
# 50 ATC_RAT_RLL_IMAX X 0.5 0 1 0.01
# 51 ATC_RAT_RLL_D X 0.0036 0 0.05 0.001
# 52 ATC_RAT_RLL_FF X 0 0 0.5 0.001
# 53 ATC_RAT_RLL_FLTT X 20 5 100 1
# 54 ATC_RAT_RLL_FLTE X 0 0 100 1
# 55 ATC_RAT_RLL_FLTD X 20 5 100 1
# 56 ATC_RAT_RLL_P X 0.135 0.08 0.35 0.005
# 57 ATC_RAT_RLL_I X 0.135 0.01 0.6 0.01
# 58 ATC_RAT_RLL_IMAX X 0.5 0 1 0.01
# 59 ATC_RAT_RLL_D X 0.0036 0.001 0.03 0.001
# 60 ATC_RAT_RLL_FLTT X 20 5 50 1
# 61 ATC_RAT_RLL_FLTE X 0 5 50 1
# 62 ATC_RAT_RLL_FLTD X 20 0 50 1
##### The name of parameters #####
['GND_TEMP', 'GND_ALT_OFFSET', 'GND_PRIMARY', 'PILOT_THR_FILT', 'PILOT_TKOFF_ALT', 'RTL_ALT', 'RTL_ALT_FINAL', 'RNGFND_GAIN', 'PILOT_ACCEL_Z', 'WP_NAVALT_MIN', 'LAND_ALT_LOW', 'ATC_ANGLE_BOOST', 'ATC_ANG_LIM_TC', 'BCN_ALT', 'EK2_ALT_SOURCE', 'EK2_ALT_M_NSE', 'EK2_WIND_PSCALE', 'EK3_ALT_SOURCE', 'EK3_ALT_M_NSE', 'EK3_WIND_PSCALE', 'FENCE_ALT_MAX', 'PSC_POSZ_P', 'SIM_FLOW_POS_Z', 'GPS_POS1_Z', 'GPS_POS2_Z', 'RNGFND1_POS_Z', 'VISO_POS_Z', 'EK2_VELD_M_NSE', 'GND_ALT_OFFSET', 'PILOT_THR_FILT', 'PILOT_THR_BHV', 'FS_THR_ENABLE', 'FS_THR_VALUE', 'ACRO_THR_MID', 'ATC_THR_MIX_MIN', 'ATC_THR_MIX_MAX', 'ATC_THR_MIX_MAN', 'MOT_BOOST_SCALE', 'MOT_SLEW_UP_TIME', 'MOT_SLEW_DN_TIME', 'ACRO_RP_P', 'ACRO_BAL_ROLL', 'ACRO_RP_EXPO', 'AHRS_TRIM_X', 'ATC_ACCEL_R_MAX', 'ATC_ANG_RLL_P', 'ATC_RATE_R_MAX', 'ATC_RAT_RLL_P', 'ATC_RAT_RLL_I', 'ATC_RAT_RLL_IMAX', 'ATC_RAT_RLL_D', 'ATC_RAT_RLL_FF', 'ATC_RAT_RLL_FLTT', 'ATC_RAT_RLL_FLTE', 'ATC_RAT_RLL_FLTD', 'ATC_RAT_RLL_P', 'ATC_RAT_RLL_I', 'ATC_RAT_RLL_IMAX', 'ATC_RAT_RLL_D', 'ATC_RAT_RLL_FLTT', 'ATC_RAT_RLL_FLTE', 'ATC_RAT_RLL_FLTD']
['X', 'X', 'X', 'X', 'X', 'X', 'X', 'X', 'X', 'X', 'X', 'X', 'X', 'X', 'TRUE', 'X', 'X', 'TRUE', 'X', 'X', 'X', 'X', 'X', 'X', 'X', 'X', 'X', 'X', 'X', 'X', 'X', 'X', 'X', 'X', 'X', 'X', 'X', 'X', 'X', 'X', 'X', 'X', 'X', 'X', 'X', 'X', 'X', 'X', 'X', 'X', 'X', 'X', 'X', 'X', 'X', 'X', 'X', 'X', 'X', 'X', 'X', 'X']
['0', '0', '0', '0', '0', '1500', '0', '0.8', '250', '0', '1000', '1', '1', '0', '0', '3', '0.5', '0', '3', '0.5', '100', '1', '0', '0', '0', '0', '0', '0.7', '0', '0', '0', '1', '975', '0', '0.1', '0.5', '0.1', '0', '0', '0', '4.5', '1', '0.3', '0', '110000', '4.5', '0', '0.135', '0.135', '0.5', '0.0036', '0', '20', '0', '20', '0.135', '0.135', '0.5', '0.0036', '20', '0', '20']
['X', 'X', '0', '0', '0', '200', '0', '0.01', '50', '0', '100', '0', '0.5', '0', '0', '0.1', '0', '0', '0.1', '0', '10', '1', 'X', '-5', '-5', '-5', '-5', '0.05', 'X', '0', '0', '0', '925', '0', '0.1', '0.5', '0.1', '0', '0', '0', '1', '0', '-0.5', '-0.1745', '0', '0', '0', '0.01', '0.01', '0', '0', '0', '5', '0', '5', '0.08', '0.01', '0', '0.001', '5', '5', '0']
['X', 'X', '2', '10', '1000', '8000', '1000', '2', '500', '5', '10000', '1', '10', '10000', '3', '10', '1', '3', '10', '1', '10000', '3', 'X', '5', '5', '5', '5', '5', 'X', '10', '4', '5', '1100', '1', '0.25', '0.9', '0.9', '5', '0.5', '0.5', '10', '3', '1', '0.1745', '180000', '12', '1080', '0.5', '2', '1', '0.05', '0.5', '100', '100', '100', '0.35', '0.6', '1', '0.03', '50', '50', '50']
['1', '0.1', '1', '0.5', '10', '1', '1', '0.01', '10', 'X', '10', '1', 'X', '1', '1', '0.1', '0.1', '1', '0.1', '0.1', '1', 'X', 'X', '0.01', '0.01', '0.01', '0.01', '0.05', '0.1', '0.500', '1.000', '1.000', '1.000', 'X', 'X', 'X', 'X', '0.100', '0.001', '0.001', 'X', '0.1', '0.1', '0.01', '1000', 'X', '1', '0.005', '0.01', '0.01', '0.001', '0.001', '1', '1', '1', '0.005', '0.01', '0.01', '0.001', '1', '1', '1']
##### (End) Read a meta file for parameters #####
[2024-06-18 19:48:57] # Check whether parsing parameters well done or not, received # of params: 62
[2024-06-18 19:48:57] ['GND_TEMP', 'GND_ALT_OFFSET', 'GND_PRIMARY', 'PILOT_THR_FILT', 'PILOT_TKOFF_ALT', 'RTL_ALT', 'RTL_ALT_FINAL', 'RNGFND_GAIN', 'PILOT_ACCEL_Z', 'WP_NAVALT_MIN', 'LAND_ALT_LOW', 'ATC_ANGLE_BOOST', 'ATC_ANG_LIM_TC', 'BCN_ALT', 'EK2_ALT_SOURCE', 'EK2_ALT_M_NSE', 'EK2_WIND_PSCALE', 'EK3_ALT_SOURCE', 'EK3_ALT_M_NSE', 'EK3_WIND_PSCALE', 'FENCE_ALT_MAX', 'PSC_POSZ_P', 'SIM_FLOW_POS_Z', 'GPS_POS1_Z', 'GPS_POS2_Z', 'RNGFND1_POS_Z', 'VISO_POS_Z', 'EK2_VELD_M_NSE', 'GND_ALT_OFFSET', 'PILOT_THR_FILT', 'PILOT_THR_BHV', 'FS_THR_ENABLE', 'FS_THR_VALUE', 'ACRO_THR_MID', 'ATC_THR_MIX_MIN', 'ATC_THR_MIX_MAX', 'ATC_THR_MIX_MAN', 'MOT_BOOST_SCALE', 'MOT_SLEW_UP_TIME', 'MOT_SLEW_DN_TIME', 'ACRO_RP_P', 'ACRO_BAL_ROLL', 'ACRO_RP_EXPO', 'AHRS_TRIM_X', 'ATC_ACCEL_R_MAX', 'ATC_ANG_RLL_P', 'ATC_RATE_R_MAX', 'ATC_RAT_RLL_P', 'ATC_RAT_RLL_I', 'ATC_RAT_RLL_IMAX', 'ATC_RAT_RLL_D', 'ATC_RAT_RLL_FF', 'ATC_RAT_RLL_FLTT', 'ATC_RAT_RLL_FLTE', 'ATC_RAT_RLL_FLTD', 'ATC_RAT_RLL_P', 'ATC_RAT_RLL_I', 'ATC_RAT_RLL_IMAX', 'ATC_RAT_RLL_D', 'ATC_RAT_RLL_FLTT', 'ATC_RAT_RLL_FLTE', 'ATC_RAT_RLL_FLTD']
##### (Start) Read a meta file for user commands #####
##### The name of user commands #####
['Flight_Mode', 'MAV_CMD_DO_PARACHUTE', 'MAV_CMD_DO_SEND_BANNER', 'MAV_CMD_SET_FACTORY_TEST_MODE', 'MAV_CMD_GIMBAL_RESET', 'MAV_CMD_NAV_WAYPOINT', 'RC1', 'RC2', 'RC3', 'RC4', 'MAV_CMD_NAV_RETURN_TO_LAUNCH', 'MAV_CMD_NAV_TAKEOFF', 'MAV_CMD_NAV_LAND', 'MAV_CMD_NAV_LOITER_TURNS', 'MAV_CMD_NAV_LOITER_TIME', 'MAV_CMD_NAV_SPLINE_WAYPOINT', 'MAV_CMD_NAV_GUIDED_ENABLE', 'MAV_CMD_DO_JUMP', 'MAV_CMD_MISSION_START', 'MAV_CMD_COMPONENT_ARM_DISARM', 'MAV_CMD_CONDITION_DELAY', 'MAV_CMD_CONDITION_DISTANCE', 'MAV_CMD_CONDITION_YAW', 'MAV_CMD_DO_CHANGE_SPEED', 'MAV_CMD_DO_SET_HOME', 'MAV_CMD_DO_SET_SERVO', 'MAV_CMD_DO_SET_RELAY', 'MAV_CMD_DO_REPEAT_SERVO', 'MAV_CMD_DO_REPEAT_RELAY', 'MAV_CMD_DO_DIGICAM_CONFIGURE', 'MAV_CMD_DO_DIGICAM_CONTROL', 'MAV_CMD_DO_SET_CAM_TRIGG_DIST', 'MAV_CMD_DO_SET_ROI', 'MAV_CMD_DO_SET_MODE', 'MAV_CMD_DO_MOUNT_CONTROL', 'MAV_CMD_DO_GRIPPER', 'MAV_CMD_DO_GUIDED_LIMITS', 'MAV_CMD_DO_REPOSITION', 'MAV_CMD_DO_AUTOTUNE_ENABLE', 'MAV_CMD_DO_PAUSE_CONTINUE', 'MAV_CMD_NAV_ALTITUDE_WAIT', 'MAV_CMD_POWER_OFF_INITIATED', 'MAV_CMD_SOLO_BTN_FLY_CLICK', 'MAV_CMD_SOLO_BTN_FLY_HOLD', 'MAV_CMD_SOLO_BTN_PAUSE_CLICK', 'MAV_CMD_FIXED_MAG_CAL', 'MAV_CMD_FIXED_MAG_CAL_FIELD', 'MAV_CMD_FIXED_MAG_CAL_YAW', 'MAV_CMD_DO_START_MAG_CAL', 'MAV_CMD_DO_ACCEPT_MAG_CAL', 'MAV_CMD_DO_CANCEL_MAG_CAL']
['5', '208', '42428', '42427', '42501', '16', '0', '0', '0', '0', '20', '22', '21', '18', '19', '82', '92', '177', '300', '400', '112', '114', '115', '178', '179', '183', '181', '184', '182', '202', '203', '206', '201', '176', '205', '211', '222', '192', '212', '193', '83', '42000', '42001', '42002', '42003', '42004', '42005', '42006', '42424', '42425', '42426']
##### (End) Read a meta file for user commands #####
[2024-06-18 19:48:57] # Check whether parsing user commands well done or not, received # of params: 51
[2024-06-18 19:48:57] ['Flight_Mode', 'MAV_CMD_DO_PARACHUTE', 'MAV_CMD_DO_SEND_BANNER', 'MAV_CMD_SET_FACTORY_TEST_MODE', 'MAV_CMD_GIMBAL_RESET', 'MAV_CMD_NAV_WAYPOINT', 'RC1', 'RC2', 'RC3', 'RC4', 'MAV_CMD_NAV_RETURN_TO_LAUNCH', 'MAV_CMD_NAV_TAKEOFF', 'MAV_CMD_NAV_LAND', 'MAV_CMD_NAV_LOITER_TURNS', 'MAV_CMD_NAV_LOITER_TIME', 'MAV_CMD_NAV_SPLINE_WAYPOINT', 'MAV_CMD_NAV_GUIDED_ENABLE', 'MAV_CMD_DO_JUMP', 'MAV_CMD_MISSION_START', 'MAV_CMD_COMPONENT_ARM_DISARM', 'MAV_CMD_CONDITION_DELAY', 'MAV_CMD_CONDITION_DISTANCE', 'MAV_CMD_CONDITION_YAW', 'MAV_CMD_DO_CHANGE_SPEED', 'MAV_CMD_DO_SET_HOME', 'MAV_CMD_DO_SET_SERVO', 'MAV_CMD_DO_SET_RELAY', 'MAV_CMD_DO_REPEAT_SERVO', 'MAV_CMD_DO_REPEAT_RELAY', 'MAV_CMD_DO_DIGICAM_CONFIGURE', 'MAV_CMD_DO_DIGICAM_CONTROL', 'MAV_CMD_DO_SET_CAM_TRIGG_DIST', 'MAV_CMD_DO_SET_ROI', 'MAV_CMD_DO_SET_MODE', 'MAV_CMD_DO_MOUNT_CONTROL', 'MAV_CMD_DO_GRIPPER', 'MAV_CMD_DO_GUIDED_LIMITS', 'MAV_CMD_DO_REPOSITION', 'MAV_CMD_DO_AUTOTUNE_ENABLE', 'MAV_CMD_DO_PAUSE_CONTINUE', 'MAV_CMD_NAV_ALTITUDE_WAIT', 'MAV_CMD_POWER_OFF_INITIATED', 'MAV_CMD_SOLO_BTN_FLY_CLICK', 'MAV_CMD_SOLO_BTN_FLY_HOLD', 'MAV_CMD_SOLO_BTN_PAUSE_CLICK', 'MAV_CMD_FIXED_MAG_CAL', 'MAV_CMD_FIXED_MAG_CAL_FIELD', 'MAV_CMD_FIXED_MAG_CAL_YAW', 'MAV_CMD_DO_START_MAG_CAL', 'MAV_CMD_DO_ACCEPT_MAG_CAL', 'MAV_CMD_DO_CANCEL_MAG_CAL']
##### (Start) Read a meta file for environmental factors #####
##### The name of environmental factors #####
['SIM_WOW_PIN', 'SIM_SPEEDUP', 'SIM_SPR_ENABLE', 'SIM_SPR_PUMP', 'SIM_SPR_SPIN', 'SIM_TA_ENABLE', 'SIM_TEMP_FLIGHT', 'SIM_TEMP_START', 'SIM_TERRAIN', 'SIM_TIDE_DIR', 'SIM_TIDE_SPEED', 'SIM_TWIST_TIME', 'SIM_TWIST_X', 'SIM_TWIST_Z', 'SIM_VIB_FREQ_X', 'SIM_VIB_FREQ_Y', 'SIM_VIB_FREQ_Z', 'SIM_VICON_HSTLEN', 'SIM_ACC2_BIAS_X', 'SIM_ACC2_BIAS_Y', 'SIM_ACC2_BIAS_Z', 'SIM_ACCEL_FAIL', 'SIM_ACC_BIAS_X', 'SIM_ACC_BIAS_Y', 'SIM_ACC_BIAS_Z', 'SIM_ACC_RND', 'SIM_ADSB_ALT', 'SIM_ADSB_RADIUS', 'SIM_BARO_DISABLE', 'SIM_BARO_DRIFT', 'SIM_BARO_GLITCH', 'SIM_BARO_RND', 'SIM_BATT_VOLTAGE', 'SIM_BAUDLIMIT_EN', 'SIM_BZ_ENABLE', 'SIM_BZ_PIN', 'SIM_DRIFT_SPEED', 'SIM_DRIFT_TIME', 'SIM_ENGINE_FAIL', 'SIM_ENGINE_MUL', 'SIM_FLOAT_EXCEPT', 'SIM_GND_BEHAV', 'SIM_GPS_ALT_OFS', 'SIM_GPS_BYTELOSS', 'SIM_GPS_DRIFTALT', 'SIM_GPS_GLITCH_Z', 'SIM_GPS_HDG', 'SIM_GPS_LOCKTIME', 'SIM_GPS_NOISE', 'SIM_GPS_NUMSATS', 'SIM_GPS_POS_X', 'SIM_GPS_POS_Y', 'SIM_GPS_POS_Z', 'SIM_GPS_TYPE', 'SIM_GRPE_ENABLE', 'SIM_GRPE_PIN', 'SIM_GYR_SCALE_X', 'SIM_GYR_SCALE_Y', 'SIM_GYR_SCALE_Z', 'SIM_IMU_POS_X', 'SIM_IMU_POS_Y', 'SIM_IMU_POS_Z', 'SIM_LOOP_DELAY', 'SIM_MAG_ALY_HGT', 'SIM_MAG_ALY_X', 'SIM_MAG_ALY_Y', 'SIM_MAG_ALY_Z', 'SIM_MAG_DELAY', 'SIM_MAG_DIA_X', 'SIM_MAG_DIA_Y', 'SIM_MAG_DIA_Z', 'SIM_MAG_ERROR', 'SIM_MAG_MOT_X', 'SIM_MAG_MOT_Y', 'SIM_MAG_MOT_Z', 'SIM_MAG_ODI_X', 'SIM_MAG_ODI_Y', 'SIM_MAG_ODI_Z', 'SIM_MAG_OFS_X', 'SIM_MAG_OFS_Y', 'SIM_MAG_OFS_Z', 'SIM_MAG_ORIENT', 'SIM_MAG_RND', 'SIM_MAG_SCALING', 'SIM_ODOM_ENABLE', 'SIM_OPOS_ALT', 'SIM_PARA_PIN', 'SIM_PIN_MASK', 'SIM_PLD_ALT_LMT', 'SIM_PLD_DIST_LMT', 'SIM_PLD_HEIGHT', 'SIM_PLD_LAT', 'SIM_PLD_LON', 'SIM_PLD_RATE', 'SIM_PLD_TYPE', 'SIM_PLD_YAW', 'SIM_RC_CHANCOUNT', 'SIM_RC_FAIL', 'SIM_SERVO_SPEED', 'SIM_SHOVE_TIME', 'SIM_SHOVE_X', 'SIM_SHOVE_Y', 'SIM_SHOVE_Z', 'SIM_SONAR_GLITCH', 'SIM_SONAR_POS_X', 'SIM_SONAR_POS_Y', 'SIM_SONAR_POS_Z', 'SIM_SONAR_RND', 'SIM_SONAR_SCALE', 'SIM_WAVE_LENGTH', 'SIM_ARSPD2_FAILP', 'SIM_ARSPD2_PITOT', 'SIM_ARSPD_FAIL', 'SIM_ARSPD_FAIL_P', 'SIM_ARSPD_PITOT', 'SIM_ARSPD_RND', 'SIM_ARSPD_SIGN', 'SIM_BARO_DELAY', 'SIM_GYR_RND', 'SIM_OPOS_HDG', 'SIM_OPOS_LAT', 'SIM_PARA_ENABLE', 'SIM_PLD_ENABLE']
##### (End) Read a meta file for environmental factors #####
[2024-06-18 19:48:57] # Check whether parsing environmental factors well done or not, received # of params: 123
[2024-06-18 19:48:57] ['SIM_WOW_PIN', 'SIM_SPEEDUP', 'SIM_SPR_ENABLE', 'SIM_SPR_PUMP', 'SIM_SPR_SPIN', 'SIM_TA_ENABLE', 'SIM_TEMP_FLIGHT', 'SIM_TEMP_START', 'SIM_TERRAIN', 'SIM_TIDE_DIR', 'SIM_TIDE_SPEED', 'SIM_TWIST_TIME', 'SIM_TWIST_X', 'SIM_TWIST_Z', 'SIM_VIB_FREQ_X', 'SIM_VIB_FREQ_Y', 'SIM_VIB_FREQ_Z', 'SIM_VICON_HSTLEN', 'SIM_ACC2_BIAS_X', 'SIM_ACC2_BIAS_Y', 'SIM_ACC2_BIAS_Z', 'SIM_ACCEL_FAIL', 'SIM_ACC_BIAS_X', 'SIM_ACC_BIAS_Y', 'SIM_ACC_BIAS_Z', 'SIM_ACC_RND', 'SIM_ADSB_ALT', 'SIM_ADSB_RADIUS', 'SIM_BARO_DISABLE', 'SIM_BARO_DRIFT', 'SIM_BARO_GLITCH', 'SIM_BARO_RND', 'SIM_BATT_VOLTAGE', 'SIM_BAUDLIMIT_EN', 'SIM_BZ_ENABLE', 'SIM_BZ_PIN', 'SIM_DRIFT_SPEED', 'SIM_DRIFT_TIME', 'SIM_ENGINE_FAIL', 'SIM_ENGINE_MUL', 'SIM_FLOAT_EXCEPT', 'SIM_GND_BEHAV', 'SIM_GPS_ALT_OFS', 'SIM_GPS_BYTELOSS', 'SIM_GPS_DRIFTALT', 'SIM_GPS_GLITCH_Z', 'SIM_GPS_HDG', 'SIM_GPS_LOCKTIME', 'SIM_GPS_NOISE', 'SIM_GPS_NUMSATS', 'SIM_GPS_POS_X', 'SIM_GPS_POS_Y', 'SIM_GPS_POS_Z', 'SIM_GPS_TYPE', 'SIM_GRPE_ENABLE', 'SIM_GRPE_PIN', 'SIM_GYR_SCALE_X', 'SIM_GYR_SCALE_Y', 'SIM_GYR_SCALE_Z', 'SIM_IMU_POS_X', 'SIM_IMU_POS_Y', 'SIM_IMU_POS_Z', 'SIM_LOOP_DELAY', 'SIM_MAG_ALY_HGT', 'SIM_MAG_ALY_X', 'SIM_MAG_ALY_Y', 'SIM_MAG_ALY_Z', 'SIM_MAG_DELAY', 'SIM_MAG_DIA_X', 'SIM_MAG_DIA_Y', 'SIM_MAG_DIA_Z', 'SIM_MAG_ERROR', 'SIM_MAG_MOT_X', 'SIM_MAG_MOT_Y', 'SIM_MAG_MOT_Z', 'SIM_MAG_ODI_X', 'SIM_MAG_ODI_Y', 'SIM_MAG_ODI_Z', 'SIM_MAG_OFS_X', 'SIM_MAG_OFS_Y', 'SIM_MAG_OFS_Z', 'SIM_MAG_ORIENT', 'SIM_MAG_RND', 'SIM_MAG_SCALING', 'SIM_ODOM_ENABLE', 'SIM_OPOS_ALT', 'SIM_PARA_PIN', 'SIM_PIN_MASK', 'SIM_PLD_ALT_LMT', 'SIM_PLD_DIST_LMT', 'SIM_PLD_HEIGHT', 'SIM_PLD_LAT', 'SIM_PLD_LON', 'SIM_PLD_RATE', 'SIM_PLD_TYPE', 'SIM_PLD_YAW', 'SIM_RC_CHANCOUNT', 'SIM_RC_FAIL', 'SIM_SERVO_SPEED', 'SIM_SHOVE_TIME', 'SIM_SHOVE_X', 'SIM_SHOVE_Y', 'SIM_SHOVE_Z', 'SIM_SONAR_GLITCH', 'SIM_SONAR_POS_X', 'SIM_SONAR_POS_Y', 'SIM_SONAR_POS_Z', 'SIM_SONAR_RND', 'SIM_SONAR_SCALE', 'SIM_WAVE_LENGTH', 'SIM_ARSPD2_FAILP', 'SIM_ARSPD2_PITOT', 'SIM_ARSPD_FAIL', 'SIM_ARSPD_FAIL_P', 'SIM_ARSPD_PITOT', 'SIM_ARSPD_RND', 'SIM_ARSPD_SIGN', 'SIM_BARO_DELAY', 'SIM_GYR_RND', 'SIM_OPOS_HDG', 'SIM_OPOS_LAT', 'SIM_PARA_ENABLE', 'SIM_PLD_ENABLE']
[2024-06-18 19:48:57] #-----------------------------------------------------------------------------
[2024-06-18 19:48:57] home_altitude: 583.950012
[2024-06-18 19:48:57] home_lat: -353633000.000000, home_lon: 1491652000.000000
[2024-06-18 19:48:57] Got the local position ned
[2024-06-18 19:48:57] Command is valid (is supported and has valid parameters), and was executed.
[2024-06-18 19:48:57] Command is valid (is supported and has valid parameters), and was executed.
[2024-06-18 19:48:58] Command is valid (is supported and has valid parameters), and was executed.
[2024-06-18 19:49:27] [Set_preconditions] PRX_TYPE = 2
[2024-06-18 19:49:27] [Debug] drone_status:4
[2024-06-18 19:49:27] Reset status_ctr
[2024-06-18 19:49:27] ### Next round (0) for fuzzing commands. ###
#---------------------------------A.RANGEFINDER-------------------------------------------
[Distance] P1: -1.000000 P2: -1.000000 P3: -1.000000 
[2024-06-18 19:49:27] [Distance] Global distance: 1.000000
#-----------------------------------------------------------------------------
[2024-06-18 19:49:27] [RANGEFINDER] Mode_t:ALT_HOLD, yaw_max:0.016687, yaw_min:0.000000, roll_max: 0.000280, roll_min:0.000000, pitch_max:0.000000, pitch_min: -0.000012
[2024-06-18 19:49:27] P values [-1, -1, -1, -1, 0, 0, 0, 0, 0, 0, 0, 0, 0, 0, 0, 0, 0, 0, 0, 0, 0, 0, 0, 0, 0, 0, 0, 0, 0, 0]
[2024-06-18 19:49:27] # [Change_parameter()] selected params: ATC_RAT_RLL_D
[2024-06-18 19:49:27] # [Change_parameter()] selected params: ATC_RAT_RLL_D, min: 0.000000, max: 0.050000, random real param value:0.034599
#---------------------------------A.RANGEFINDER-------------------------------------------
[Distance] P1: -1.000000 P2: -1.000000 P3: -1.000000 
[2024-06-18 19:49:34] [Distance] Global distance: 1.000000
#-----------------------------------------------------------------------------
[2024-06-18 19:49:34] [RANGEFINDER] Mode_t:ALT_HOLD, yaw_max:0.016687, yaw_min:-1.572567, roll_max: 0.000280, roll_min:-1.247116, pitch_max:0.000000, pitch_min: -0.006702
[2024-06-18 19:49:34] P values [-1, -1, -1, -1, 0, 0, 0, 0, 0, 0, 0, 0, 0, 0, 0, 0, 0, 0, 0, 0, 0, 0, 0, 0, 0, 0, 0, 0, 0, 0]
[2024-06-18 19:49:34] [Debug] drone_status:4
[2024-06-18 19:49:34] Incrementing the status_ctr
[2024-06-18 19:49:34] ### Next round (1) for fuzzing commands. ###
#---------------------------------A.RANGEFINDER-------------------------------------------
[Distance] P1: -1.000000 P2: -1.000000 P3: -1.000000 
[2024-06-18 19:49:34] [Distance] Global distance: 1.000000
#-----------------------------------------------------------------------------
[2024-06-18 19:49:34] [RANGEFINDER] Mode_t:ALT_HOLD, yaw_max:0.016687, yaw_min:-1.572567, roll_max: 0.000280, roll_min:-1.247116, pitch_max:0.000000, pitch_min: -0.006702
[2024-06-18 19:49:34] P values [-1, -1, -1, -1, 0, 0, 0, 0, 0, 0, 0, 0, 0, 0, 0, 0, 0, 0, 0, 0, 0, 0, 0, 0, 0, 0, 0, 0, 0, 0]
[2024-06-18 19:49:34] # [Change_parameter()] selected params: EK3_ALT_M_NSE
[2024-06-18 19:49:34] # [Change_parameter()] selected params: EK3_ALT_M_NSE, min: 0.100000, max: 10.000000, random real param value:9.358438
#---------------------------------A.RANGEFINDER-------------------------------------------
[Distance] P1: -1.000000 P2: -1.000000 P3: -1.000000 
[2024-06-18 19:49:41] [Distance] Global distance: 1.000000
#-----------------------------------------------------------------------------
[2024-06-18 19:49:41] [RANGEFINDER] Mode_t:ALT_HOLD, yaw_max:0.016687, yaw_min:-1.736078, roll_max: 0.459427, roll_min:-1.247116, pitch_max:0.140419, pitch_min: -0.006702
[2024-06-18 19:49:41] P values [-1, -1, -1, -1, 0, 0, 0, 0, 0, 0, 0, 0, 0, 0, 0, 0, 0, 0, 0, 0, 0, 0, 0, 0, 0, 0, 0, 0, 0, 0]
[2024-06-18 19:49:41] [Debug] drone_status:4
[2024-06-18 19:49:41] Incrementing the status_ctr
[2024-06-18 19:49:41] ### Next round (2) for fuzzing commands. ###
#---------------------------------A.RANGEFINDER-------------------------------------------
[Distance] P1: -1.000000 P2: -1.000000 P3: -1.000000 
[2024-06-18 19:49:41] [Distance] Global distance: 1.000000
#-----------------------------------------------------------------------------
[2024-06-18 19:49:41] [RANGEFINDER] Mode_t:ALT_HOLD, yaw_max:0.016687, yaw_min:-1.736078, roll_max: 0.459427, roll_min:-1.247116, pitch_max:0.140419, pitch_min: -0.006702
[2024-06-18 19:49:41] P values [-1, -1, -1, -1, 0, 0, 0, 0, 0, 0, 0, 0, 0, 0, 0, 0, 0, 0, 0, 0, 0, 0, 0, 0, 0, 0, 0, 0, 0, 0]
[2024-06-18 19:49:41] [Execute_env] (SIM_GPS_POS_X, 40.1585024106)
[2024-06-18 19:49:42] [status_text] EKF3 lane switch 1
[2024-06-18 19:49:42] [status_text] EKF primary changed:1
[2024-06-18 19:49:43] [status_text] EKF variance
[2024-06-18 19:49:43] [status_text] GPS Glitch
[2024-06-18 19:49:43] [status_text] Vibration compensation ON
#---------------------------------A.RANGEFINDER-------------------------------------------
[Distance] P1: -1.000000 P2: -1.000000 P3: 1.000000 
[2024-06-18 19:49:45] [Distance] Global distance: 1.000000
#-----------------------------------------------------------------------------
[2024-06-18 19:49:45] [*Distance*] propositional distance 3 is increased (input: SIM_GPS_POS_X, 40.1585024106)
[2024-06-18 19:49:45] [write_guidance_log] appending: SIM_GPS_POS_X 40.1585024106 3 2

[2024-06-18 19:49:45] [RANGEFINDER] Mode_t:ALT_HOLD, yaw_max:0.016687, yaw_min:-2.751988, roll_max: 0.459427, roll_min:-1.247116, pitch_max:0.140419, pitch_min: -0.009075
[2024-06-18 19:49:45] P values [-1, -1, 1, -1, 0, 0, 0, 0, 0, 0, 0, 0, 0, 0, 0, 0, 0, 0, 0, 0, 0, 0, 0, 0, 0, 0, 0, 0, 0, 0]
[2024-06-18 19:49:45] [Debug] drone_status:5
[2024-06-18 19:49:45] Incrementing the status_ctr
[2024-06-18 19:49:45] Drone status Status: 5 Hit_ground: 0 PreArm: 0
[2024-06-18 19:49:45] Restarting the vehicle
[2024-06-18 19:49:45] #-----------------------------------------------------------------------------
[2024-06-18 19:49:45] #-----------------------------------------------------------------------------
[2024-06-18 19:49:45] #------------------------- RE-LAUNCH the vehicle -----------------------------
[2024-06-18 19:49:45] #-----------------------------------------------------------------------------
[2024-06-18 19:49:45] #-----------------------------------------------------------------------------
[2024-06-18 19:49:50] [re-launch] min_thr:975, target throttle:995
[2024-06-18 19:49:52] [status_text] EKF3 lane switch 0
[2024-06-18 19:49:52] [status_text] EKF primary changed:0
[2024-06-18 19:49:59] [status_text] Calibrating barometer
[2024-06-18 19:50:00] [status_text] ArduCopter V4.1.0-dev (98287a1b)
[2024-06-18 19:50:00] [status_text] 43ef9e12cd45440383d4ec9e33e65b21
[2024-06-18 19:50:00] [status_text] Frame: QUAD/PLUS
[2024-06-18 19:50:01] [status_text] Barometer 1 calibration complete
[2024-06-18 19:50:01] [status_text] Barometer 2 calibration complete
[2024-06-18 19:50:01] [status_text] ArduPilot Ready
[2024-06-18 19:50:01] [status_text] AHRS: DCM active
[2024-06-18 19:50:02] [status_text] SaveWaypoint LOW
[2024-06-18 19:50:02] [status_text] EKF3 IMU0 buffs IMU=19 OBS=7 OF=17 EN:17 dt=0.0120
[2024-06-18 19:50:02] [status_text] EKF3 IMU1 buffs IMU=19 OBS=7 OF=17 EN:17 dt=0.0120
[2024-06-18 19:50:03] [status_text] EKF3 IMU0 initialised
[2024-06-18 19:50:03] [status_text] EKF3 IMU1 initialised
[2024-06-18 19:50:03] [status_text] AHRS: EKF3 active
[2024-06-18 19:50:03] [status_text] EKF3 IMU1 initial yaw alignment complete
[2024-06-18 19:50:03] [status_text] EKF3 IMU0 initial yaw alignment complete
[2024-06-18 19:50:05] [status_text] EKF3 IMU1 tilt alignment complete
[2024-06-18 19:50:05] [status_text] EKF3 IMU0 tilt alignment complete
[2024-06-18 19:50:07] [status_text] GPS 1: detected as u-blox at 230400 baud
[2024-06-18 19:50:18] [status_text] EKF3 IMU0 origin set
[2024-06-18 19:50:18] [status_text] EKF3 IMU1 origin set
[2024-06-18 19:50:39] [status_text] EKF3 IMU1 is using GPS
[2024-06-18 19:50:39] [status_text] EKF3 IMU0 is using GPS
[2024-06-18 19:50:43] [Set_preconditions] PRX_TYPE = 2
[2024-06-18 19:50:46] [status_text] Arming motors
[2024-06-18 19:50:52] [status_text] EKF3 IMU1 in-flight yaw alignment complete
[2024-06-18 19:50:52] [status_text] EKF3 IMU0 in-flight yaw alignment complete
[2024-06-18 19:51:14] [Debug] drone_status:4
[2024-06-18 19:51:14] Reset status_ctr
[2024-06-18 19:51:14] ### Next round (0) for fuzzing commands. ###
#---------------------------------A.RANGEFINDER-------------------------------------------
[Distance] P1: -1.000000 P2: -1.000000 P3: 1.000000 
[2024-06-18 19:51:14] [Distance] Global distance: 1.000000
#-----------------------------------------------------------------------------
[2024-06-18 19:51:14] [RANGEFINDER] Mode_t:GUIDED, yaw_max:0.016687, yaw_min:-2.751988, roll_max: 0.459427, roll_min:-1.247116, pitch_max:0.140419, pitch_min: -0.009075
[2024-06-18 19:51:14] P values [-1, -1, 1, -1, 0, 0, 0, 0, 0, 0, 0, 0, 0, 0, 0, 0, 0, 0, 0, 0, 0, 0, 0, 0, 0, 0, 0, 0, 0, 0]
[2024-06-18 19:51:14] # [Change_parameter()] selected params: PILOT_THR_FILT
[2024-06-18 19:51:14] # [Change_parameter()] selected params: PILOT_THR_FILT, min: 0.000000, max: 10.000000, random digit param value:5
#---------------------------------A.RANGEFINDER-------------------------------------------
[Distance] P1: -1.000000 P2: -1.000000 P3: 1.000000 
[2024-06-18 19:51:21] [Distance] Global distance: 1.000000
#-----------------------------------------------------------------------------
[2024-06-18 19:51:21] [RANGEFINDER] Mode_t:GUIDED, yaw_max:0.016687, yaw_min:-2.751988, roll_max: 0.459427, roll_min:-1.247116, pitch_max:0.140419, pitch_min: -0.009075
[2024-06-18 19:51:21] P values [-1, -1, 1, -1, 0, 0, 0, 0, 0, 0, 0, 0, 0, 0, 0, 0, 0, 0, 0, 0, 0, 0, 0, 0, 0, 0, 0, 0, 0, 0]
[2024-06-18 19:51:21] [Debug] drone_status:4
[2024-06-18 19:51:21] Incrementing the status_ctr
[2024-06-18 19:51:21] ### Next round (1) for fuzzing commands. ###
#---------------------------------A.RANGEFINDER-------------------------------------------
[Distance] P1: -1.000000 P2: -1.000000 P3: 1.000000 
[2024-06-18 19:51:21] [Distance] Global distance: 1.000000
#-----------------------------------------------------------------------------
[2024-06-18 19:51:21] [RANGEFINDER] Mode_t:GUIDED, yaw_max:0.016687, yaw_min:-2.751988, roll_max: 0.459427, roll_min:-1.247116, pitch_max:0.140419, pitch_min: -0.009075
[2024-06-18 19:51:21] P values [-1, -1, 1, -1, 0, 0, 0, 0, 0, 0, 0, 0, 0, 0, 0, 0, 0, 0, 0, 0, 0, 0, 0, 0, 0, 0, 0, 0, 0, 0]
[2024-06-18 19:51:21] # [Change_parameter()] selected params: GND_PRIMARY
[2024-06-18 19:51:21] # [Change_parameter()] selected params: GND_PRIMARY, min: 0.000000, max: 2.000000, random digit param value:1
#---------------------------------A.RANGEFINDER-------------------------------------------
[Distance] P1: -1.000000 P2: -1.000000 P3: 1.000000 
[2024-06-18 19:51:28] [Distance] Global distance: 1.000000
#-----------------------------------------------------------------------------
[2024-06-18 19:51:28] [RANGEFINDER] Mode_t:GUIDED, yaw_max:0.016687, yaw_min:-2.751988, roll_max: 0.459427, roll_min:-1.247116, pitch_max:0.140419, pitch_min: -0.009075
[2024-06-18 19:51:28] P values [-1, -1, 1, -1, 0, 0, 0, 0, 0, 0, 0, 0, 0, 0, 0, 0, 0, 0, 0, 0, 0, 0, 0, 0, 0, 0, 0, 0, 0, 0]
[2024-06-18 19:51:28] [Debug] drone_status:4
[2024-06-18 19:51:28] Incrementing the status_ctr
[2024-06-18 19:51:28] ### Next round (2) for fuzzing commands. ###
#---------------------------------A.RANGEFINDER-------------------------------------------
[Distance] P1: -1.000000 P2: -1.000000 P3: 1.000000 
[2024-06-18 19:51:28] [Distance] Global distance: 1.000000
#-----------------------------------------------------------------------------
[2024-06-18 19:51:28] [RANGEFINDER] Mode_t:GUIDED, yaw_max:0.016687, yaw_min:-2.751988, roll_max: 0.459427, roll_min:-1.247116, pitch_max:0.140419, pitch_min: -0.009075
[2024-06-18 19:51:28] P values [-1, -1, 1, -1, 0, 0, 0, 0, 0, 0, 0, 0, 0, 0, 0, 0, 0, 0, 0, 0, 0, 0, 0, 0, 0, 0, 0, 0, 0, 0]
[2024-06-18 19:51:28] [Execute_env] (SIM_ACC_RND, 28.9886523497)
#---------------------------------A.RANGEFINDER-------------------------------------------
[Distance] P1: -1.000000 P2: -1.000000 P3: 1.000000 
[2024-06-18 19:51:32] [Distance] Global distance: 1.000000
#-----------------------------------------------------------------------------
[2024-06-18 19:51:32] [RANGEFINDER] Mode_t:GUIDED, yaw_max:0.016687, yaw_min:-2.751988, roll_max: 0.459427, roll_min:-1.247116, pitch_max:0.140419, pitch_min: -0.009075
[2024-06-18 19:51:32] P values [-1, -1, 1, -1, 0, 0, 0, 0, 0, 0, 0, 0, 0, 0, 0, 0, 0, 0, 0, 0, 0, 0, 0, 0, 0, 0, 0, 0, 0, 0]
[2024-06-18 19:51:32] [Debug] drone_status:4
[2024-06-18 19:51:32] Incrementing the status_ctr
[2024-06-18 19:51:32] ### Next round (3) for fuzzing commands. ###
#---------------------------------A.RANGEFINDER-------------------------------------------
[Distance] P1: -1.000000 P2: -1.000000 P3: 1.000000 
[2024-06-18 19:51:32] [Distance] Global distance: 1.000000
#-----------------------------------------------------------------------------
[2024-06-18 19:51:32] [RANGEFINDER] Mode_t:GUIDED, yaw_max:0.016687, yaw_min:-2.751988, roll_max: 0.459427, roll_min:-1.247116, pitch_max:0.140419, pitch_min: -0.009075
[2024-06-18 19:51:32] P values [-1, -1, 1, -1, 0, 0, 0, 0, 0, 0, 0, 0, 0, 0, 0, 0, 0, 0, 0, 0, 0, 0, 0, 0, 0, 0, 0, 0, 0, 0]
[2024-06-18 19:51:32] # [Change_parameter()] selected params: SIM_FLOW_POS_Z
[2024-06-18 19:51:32] [param] selected params: SIM_FLOW_POS_Z, there is no min of valid range, random param value:3607
#---------------------------------A.RANGEFINDER-------------------------------------------
[Distance] P1: -1.000000 P2: -1.000000 P3: 1.000000 
[2024-06-18 19:51:39] [Distance] Global distance: 1.000000
#-----------------------------------------------------------------------------
[2024-06-18 19:51:39] [RANGEFINDER] Mode_t:GUIDED, yaw_max:0.016687, yaw_min:-2.751988, roll_max: 0.459427, roll_min:-1.247116, pitch_max:0.140419, pitch_min: -0.009075
[2024-06-18 19:51:39] P values [-1, -1, 1, -1, 0, 0, 0, 0, 0, 0, 0, 0, 0, 0, 0, 0, 0, 0, 0, 0, 0, 0, 0, 0, 0, 0, 0, 0, 0, 0]
[2024-06-18 19:51:39] [Debug] drone_status:4
[2024-06-18 19:51:39] Incrementing the status_ctr
[2024-06-18 19:51:39] ### Next round (4) for fuzzing commands. ###
#---------------------------------A.RANGEFINDER-------------------------------------------
[Distance] P1: -1.000000 P2: -1.000000 P3: 1.000000 
[2024-06-18 19:51:39] [Distance] Global distance: 1.000000
#-----------------------------------------------------------------------------
[2024-06-18 19:51:39] [RANGEFINDER] Mode_t:GUIDED, yaw_max:0.016687, yaw_min:-2.751988, roll_max: 0.459427, roll_min:-1.247116, pitch_max:0.140419, pitch_min: -0.009075
[2024-06-18 19:51:39] P values [-1, -1, 1, -1, 0, 0, 0, 0, 0, 0, 0, 0, 0, 0, 0, 0, 0, 0, 0, 0, 0, 0, 0, 0, 0, 0, 0, 0, 0, 0]
[2024-06-18 19:51:39] # [Change_parameter()] selected params: MOT_BOOST_SCALE
[2024-06-18 19:51:39] # [Change_parameter()] selected params: MOT_BOOST_SCALE, min: 0.000000, max: 5.000000, random digit param value:5
#---------------------------------A.RANGEFINDER-------------------------------------------
[Distance] P1: -1.000000 P2: -1.000000 P3: 1.000000 
[2024-06-18 19:51:46] [Distance] Global distance: 1.000000
#-----------------------------------------------------------------------------
[2024-06-18 19:51:46] [RANGEFINDER] Mode_t:GUIDED, yaw_max:0.016687, yaw_min:-2.751988, roll_max: 0.459427, roll_min:-1.247116, pitch_max:0.140419, pitch_min: -0.009075
[2024-06-18 19:51:46] P values [-1, -1, 1, -1, 0, 0, 0, 0, 0, 0, 0, 0, 0, 0, 0, 0, 0, 0, 0, 0, 0, 0, 0, 0, 0, 0, 0, 0, 0, 0]
[2024-06-18 19:51:46] [Debug] drone_status:4
[2024-06-18 19:51:46] Incrementing the status_ctr
[2024-06-18 19:51:46] ### Next round (5) for fuzzing commands. ###
#---------------------------------A.RANGEFINDER-------------------------------------------
[Distance] P1: -1.000000 P2: -1.000000 P3: 1.000000 
[2024-06-18 19:51:46] [Distance] Global distance: 1.000000
#-----------------------------------------------------------------------------
[2024-06-18 19:51:46] [RANGEFINDER] Mode_t:GUIDED, yaw_max:0.016687, yaw_min:-2.751988, roll_max: 0.459427, roll_min:-1.247116, pitch_max:0.140419, pitch_min: -0.009075
[2024-06-18 19:51:46] P values [-1, -1, 1, -1, 0, 0, 0, 0, 0, 0, 0, 0, 0, 0, 0, 0, 0, 0, 0, 0, 0, 0, 0, 0, 0, 0, 0, 0, 0, 0]
[2024-06-18 19:51:46] # [Change_parameter()] selected params: PILOT_THR_FILT
[2024-06-18 19:51:46] # [Change_parameter()] selected params: PILOT_THR_FILT, min: 0.000000, max: 10.000000, random digit param value:4
#---------------------------------A.RANGEFINDER-------------------------------------------
[Distance] P1: -1.000000 P2: -1.000000 P3: 1.000000 
[2024-06-18 19:51:53] [Distance] Global distance: 1.000000
#-----------------------------------------------------------------------------
[2024-06-18 19:51:53] [RANGEFINDER] Mode_t:GUIDED, yaw_max:0.016687, yaw_min:-2.751988, roll_max: 0.459427, roll_min:-1.247116, pitch_max:0.140419, pitch_min: -0.009075
[2024-06-18 19:51:53] P values [-1, -1, 1, -1, 0, 0, 0, 0, 0, 0, 0, 0, 0, 0, 0, 0, 0, 0, 0, 0, 0, 0, 0, 0, 0, 0, 0, 0, 0, 0]
[2024-06-18 19:51:53] [Debug] drone_status:4
[2024-06-18 19:51:53] Incrementing the status_ctr
[2024-06-18 19:51:53] ### Next round (6) for fuzzing commands. ###
#---------------------------------A.RANGEFINDER-------------------------------------------
[Distance] P1: -1.000000 P2: -1.000000 P3: 1.000000 
[2024-06-18 19:51:53] [Distance] Global distance: 1.000000
#-----------------------------------------------------------------------------
[2024-06-18 19:51:53] [RANGEFINDER] Mode_t:GUIDED, yaw_max:0.016687, yaw_min:-2.751988, roll_max: 0.459427, roll_min:-1.247116, pitch_max:0.140419, pitch_min: -0.009075
[2024-06-18 19:51:53] P values [-1, -1, 1, -1, 0, 0, 0, 0, 0, 0, 0, 0, 0, 0, 0, 0, 0, 0, 0, 0, 0, 0, 0, 0, 0, 0, 0, 0, 0, 0]
[2024-06-18 19:51:53] # [Change_parameter()] selected params: ACRO_BAL_ROLL
[2024-06-18 19:51:53] # [Change_parameter()] selected params: ACRO_BAL_ROLL, min: 0.000000, max: 3.000000, random digit param value:1
#---------------------------------A.RANGEFINDER-------------------------------------------
[Distance] P1: -1.000000 P2: -1.000000 P3: 1.000000 
[2024-06-18 19:52:00] [Distance] Global distance: 1.000000
#-----------------------------------------------------------------------------
[2024-06-18 19:52:00] [RANGEFINDER] Mode_t:GUIDED, yaw_max:0.019632, yaw_min:-2.751988, roll_max: 0.459427, roll_min:-1.247116, pitch_max:0.140419, pitch_min: -0.009075
[2024-06-18 19:52:00] P values [-1, -1, 1, -1, 0, 0, 0, 0, 0, 0, 0, 0, 0, 0, 0, 0, 0, 0, 0, 0, 0, 0, 0, 0, 0, 0, 0, 0, 0, 0]
[2024-06-18 19:52:00] [Debug] drone_status:4
[2024-06-18 19:52:00] Incrementing the status_ctr
[2024-06-18 19:52:00] ### Next round (7) for fuzzing commands. ###
#---------------------------------A.RANGEFINDER-------------------------------------------
[Distance] P1: -1.000000 P2: -1.000000 P3: 1.000000 
[2024-06-18 19:52:00] [Distance] Global distance: 1.000000
#-----------------------------------------------------------------------------
[2024-06-18 19:52:00] [RANGEFINDER] Mode_t:GUIDED, yaw_max:0.019632, yaw_min:-2.751988, roll_max: 0.459427, roll_min:-1.247116, pitch_max:0.140419, pitch_min: -0.009075
[2024-06-18 19:52:00] P values [-1, -1, 1, -1, 0, 0, 0, 0, 0, 0, 0, 0, 0, 0, 0, 0, 0, 0, 0, 0, 0, 0, 0, 0, 0, 0, 0, 0, 0, 0]
[2024-06-18 19:52:00] [Execute_env] (SIM_GPS_TYPE, 33.6974982668)
#---------------------------------A.RANGEFINDER-------------------------------------------
[Distance] P1: -1.000000 P2: -1.000000 P3: 1.000000 
[2024-06-18 19:52:04] [Distance] Global distance: 1.000000
#-----------------------------------------------------------------------------
[2024-06-18 19:52:04] [RANGEFINDER] Mode_t:GUIDED, yaw_max:0.019632, yaw_min:-2.751988, roll_max: 0.459427, roll_min:-1.247116, pitch_max:0.140419, pitch_min: -0.009075
[2024-06-18 19:52:04] P values [-1, -1, 1, -1, 0, 0, 0, 0, 0, 0, 0, 0, 0, 0, 0, 0, 0, 0, 0, 0, 0, 0, 0, 0, 0, 0, 0, 0, 0, 0]
[2024-06-18 19:52:04] [Debug] drone_status:4
[2024-06-18 19:52:04] Incrementing the status_ctr
[2024-06-18 19:52:04] ### Next round (8) for fuzzing commands. ###
#---------------------------------A.RANGEFINDER-------------------------------------------
[Distance] P1: -1.000000 P2: -1.000000 P3: 1.000000 
[2024-06-18 19:52:04] [Distance] Global distance: 1.000000
#-----------------------------------------------------------------------------
[2024-06-18 19:52:04] [RANGEFINDER] Mode_t:GUIDED, yaw_max:0.019632, yaw_min:-2.751988, roll_max: 0.459427, roll_min:-1.247116, pitch_max:0.140419, pitch_min: -0.009075
[2024-06-18 19:52:04] P values [-1, -1, 1, -1, 0, 0, 0, 0, 0, 0, 0, 0, 0, 0, 0, 0, 0, 0, 0, 0, 0, 0, 0, 0, 0, 0, 0, 0, 0, 0]
[2024-06-18 19:52:04] [Execute_cmd] (RC2, 1889)
[2024-06-18 19:52:08] [status_text] EKF variance
#---------------------------------A.RANGEFINDER-------------------------------------------
[Distance] P1: -1.000000 P2: -1.000000 P3: 1.000000 
[2024-06-18 19:52:08] [Distance] Global distance: 1.000000
#-----------------------------------------------------------------------------
[2024-06-18 19:52:08] [RANGEFINDER] Mode_t:LAND, yaw_max:0.019632, yaw_min:-2.751988, roll_max: 0.459427, roll_min:-1.247116, pitch_max:0.140419, pitch_min: -0.009075
[2024-06-18 19:52:08] P values [-1, -1, 1, -1, 0, 0, 0, 0, 0, 0, 0, 0, 0, 0, 0, 0, 0, 0, 0, 0, 0, 0, 0, 0, 0, 0, 0, 0, 0, 0]
[2024-06-18 19:52:08] [Debug] drone_status:5
[2024-06-18 19:52:08] Incrementing the status_ctr
[2024-06-18 19:52:08] Drone status Status: 5 Hit_ground: 0 PreArm: 0
[2024-06-18 19:52:08] Restarting the vehicle
[2024-06-18 19:52:08] #-----------------------------------------------------------------------------
[2024-06-18 19:52:08] #-----------------------------------------------------------------------------
[2024-06-18 19:52:08] #------------------------- RE-LAUNCH the vehicle -----------------------------
[2024-06-18 19:52:08] #-----------------------------------------------------------------------------
[2024-06-18 19:52:08] #-----------------------------------------------------------------------------
[2024-06-18 19:52:13] [re-launch] min_thr:975, target throttle:995
[2024-06-18 19:52:15] [status_text] EKF3 IMU1 stopped aiding
[2024-06-18 19:52:15] [status_text] EKF3 IMU0 stopped aiding
[2024-06-18 19:52:21] [status_text] Calibrating barometer
[2024-06-18 19:52:22] [status_text] ArduCopter V4.1.0-dev (98287a1b)
[2024-06-18 19:52:22] [status_text] 43ef9e12cd45440383d4ec9e33e65b21
[2024-06-18 19:52:22] [status_text] Frame: QUAD/PLUS
[2024-06-18 19:52:23] [status_text] Barometer 1 calibration complete
[2024-06-18 19:52:23] [status_text] Barometer 2 calibration complete
[2024-06-18 19:52:23] [status_text] ArduPilot Ready
[2024-06-18 19:52:23] [status_text] AHRS: DCM active
[2024-06-18 19:52:24] [status_text] SaveWaypoint LOW
[2024-06-18 19:52:24] [status_text] EKF3 IMU0 buffs IMU=19 OBS=7 OF=17 EN:17 dt=0.0120
[2024-06-18 19:52:24] [status_text] EKF3 IMU1 buffs IMU=19 OBS=7 OF=17 EN:17 dt=0.0120
[2024-06-18 19:52:25] [status_text] EKF3 IMU0 initialised
[2024-06-18 19:52:25] [status_text] EKF3 IMU1 initialised
[2024-06-18 19:52:25] [status_text] AHRS: EKF3 active
[2024-06-18 19:52:25] [status_text] EKF3 IMU1 initial yaw alignment complete
[2024-06-18 19:52:25] [status_text] EKF3 IMU0 initial yaw alignment complete
[2024-06-18 19:52:27] [status_text] EKF3 IMU1 tilt alignment complete
[2024-06-18 19:52:27] [status_text] EKF3 IMU0 tilt alignment complete
[2024-06-18 19:52:29] [status_text] GPS 1: detected as u-blox at 230400 baud
[2024-06-18 19:52:40] [status_text] EKF3 IMU0 origin set
[2024-06-18 19:52:40] [status_text] EKF3 IMU1 origin set
[2024-06-18 19:53:01] [status_text] EKF3 IMU1 is using GPS
[2024-06-18 19:53:01] [status_text] EKF3 IMU0 is using GPS
[2024-06-18 19:53:05] [Set_preconditions] PRX_TYPE = 2
[2024-06-18 19:53:08] [status_text] Arming motors
[2024-06-18 19:53:15] [status_text] EKF3 IMU0 in-flight yaw alignment complete
[2024-06-18 19:53:15] [status_text] EKF3 IMU1 in-flight yaw alignment complete
[2024-06-18 19:53:36] [Debug] drone_status:4
[2024-06-18 19:53:36] Reset status_ctr
[2024-06-18 19:53:36] ### Next round (0) for fuzzing commands. ###
#---------------------------------A.RANGEFINDER-------------------------------------------
[Distance] P1: -1.000000 P2: -1.000000 P3: 1.000000 
[2024-06-18 19:53:36] [Distance] Global distance: 1.000000
#-----------------------------------------------------------------------------
[2024-06-18 19:53:36] [RANGEFINDER] Mode_t:GUIDED, yaw_max:0.019632, yaw_min:-2.751988, roll_max: 0.459427, roll_min:-1.247116, pitch_max:0.140419, pitch_min: -0.009075
[2024-06-18 19:53:36] P values [-1, -1, 1, -1, 0, 0, 0, 0, 0, 0, 0, 0, 0, 0, 0, 0, 0, 0, 0, 0, 0, 0, 0, 0, 0, 0, 0, 0, 0, 0]
[2024-06-18 19:53:36] [Execute_cmd] (MAV_CMD_SOLO_BTN_PAUSE_CLICK, 25,36,72,12,79,30,99)
#---------------------------------A.RANGEFINDER-------------------------------------------
[Distance] P1: -1.000000 P2: -1.000000 P3: 1.000000 
[2024-06-18 19:53:40] [Distance] Global distance: 1.000000
#-----------------------------------------------------------------------------
[2024-06-18 19:53:40] [RANGEFINDER] Mode_t:GUIDED, yaw_max:0.019632, yaw_min:-2.751988, roll_max: 0.459427, roll_min:-1.247116, pitch_max:0.140419, pitch_min: -0.009075
[2024-06-18 19:53:40] P values [-1, -1, 1, -1, 0, 0, 0, 0, 0, 0, 0, 0, 0, 0, 0, 0, 0, 0, 0, 0, 0, 0, 0, 0, 0, 0, 0, 0, 0, 0]
[2024-06-18 19:53:40] [Debug] drone_status:4
[2024-06-18 19:53:40] Incrementing the status_ctr
[2024-06-18 19:53:40] ### Next round (1) for fuzzing commands. ###
#---------------------------------A.RANGEFINDER-------------------------------------------
[Distance] P1: -1.000000 P2: -1.000000 P3: 1.000000 
[2024-06-18 19:53:40] [Distance] Global distance: 1.000000
#-----------------------------------------------------------------------------
[2024-06-18 19:53:40] [RANGEFINDER] Mode_t:GUIDED, yaw_max:0.019632, yaw_min:-2.751988, roll_max: 0.459427, roll_min:-1.247116, pitch_max:0.140419, pitch_min: -0.009075
[2024-06-18 19:53:40] P values [-1, -1, 1, -1, 0, 0, 0, 0, 0, 0, 0, 0, 0, 0, 0, 0, 0, 0, 0, 0, 0, 0, 0, 0, 0, 0, 0, 0, 0, 0]
[2024-06-18 19:53:40] # [Change_parameter()] selected params: AHRS_TRIM_X
[2024-06-18 19:53:40] # [Change_parameter()] selected params: AHRS_TRIM_X, min: -0.174500, max: 0.174500, random real param value:0.111225
#---------------------------------A.RANGEFINDER-------------------------------------------
[Distance] P1: -1.000000 P2: -1.000000 P3: 1.000000 
[2024-06-18 19:53:47] [Distance] Global distance: 1.000000
#-----------------------------------------------------------------------------
[2024-06-18 19:53:47] [RANGEFINDER] Mode_t:GUIDED, yaw_max:0.019632, yaw_min:-2.751988, roll_max: 0.459427, roll_min:-1.247116, pitch_max:0.140419, pitch_min: -0.009075
[2024-06-18 19:53:47] P values [-1, -1, 1, -1, 0, 0, 0, 0, 0, 0, 0, 0, 0, 0, 0, 0, 0, 0, 0, 0, 0, 0, 0, 0, 0, 0, 0, 0, 0, 0]
[2024-06-18 19:53:47] [Debug] drone_status:4
[2024-06-18 19:53:47] Incrementing the status_ctr
[2024-06-18 19:53:47] ### Next round (2) for fuzzing commands. ###
#---------------------------------A.RANGEFINDER-------------------------------------------
[Distance] P1: -1.000000 P2: -1.000000 P3: 1.000000 
[2024-06-18 19:53:47] [Distance] Global distance: 1.000000
#-----------------------------------------------------------------------------
[2024-06-18 19:53:47] [RANGEFINDER] Mode_t:GUIDED, yaw_max:0.019632, yaw_min:-2.751988, roll_max: 0.459427, roll_min:-1.247116, pitch_max:0.140419, pitch_min: -0.009075
[2024-06-18 19:53:47] P values [-1, -1, 1, -1, 0, 0, 0, 0, 0, 0, 0, 0, 0, 0, 0, 0, 0, 0, 0, 0, 0, 0, 0, 0, 0, 0, 0, 0, 0, 0]
[2024-06-18 19:53:47] # [Change_parameter()] selected params: GND_PRIMARY
[2024-06-18 19:53:47] # [Change_parameter()] selected params: GND_PRIMARY, min: 0.000000, max: 2.000000, random digit param value:2
#---------------------------------A.RANGEFINDER-------------------------------------------
[Distance] P1: -1.000000 P2: -1.000000 P3: 1.000000 
[2024-06-18 19:53:54] [Distance] Global distance: 1.000000
#-----------------------------------------------------------------------------
[2024-06-18 19:53:54] [RANGEFINDER] Mode_t:GUIDED, yaw_max:0.019632, yaw_min:-2.751988, roll_max: 0.459427, roll_min:-1.247116, pitch_max:0.140419, pitch_min: -0.009075
[2024-06-18 19:53:54] P values [-1, -1, 1, -1, 0, 0, 0, 0, 0, 0, 0, 0, 0, 0, 0, 0, 0, 0, 0, 0, 0, 0, 0, 0, 0, 0, 0, 0, 0, 0]
[2024-06-18 19:53:54] [Debug] drone_status:4
[2024-06-18 19:53:54] Incrementing the status_ctr
[2024-06-18 19:53:54] ### Next round (3) for fuzzing commands. ###
#---------------------------------A.RANGEFINDER-------------------------------------------
[Distance] P1: -1.000000 P2: -1.000000 P3: 1.000000 
[2024-06-18 19:53:54] [Distance] Global distance: 1.000000
#-----------------------------------------------------------------------------
[2024-06-18 19:53:54] [RANGEFINDER] Mode_t:GUIDED, yaw_max:0.019632, yaw_min:-2.751988, roll_max: 0.459427, roll_min:-1.247116, pitch_max:0.140419, pitch_min: -0.009075
[2024-06-18 19:53:54] P values [-1, -1, 1, -1, 0, 0, 0, 0, 0, 0, 0, 0, 0, 0, 0, 0, 0, 0, 0, 0, 0, 0, 0, 0, 0, 0, 0, 0, 0, 0]
[2024-06-18 19:53:54] [Execute_cmd] (MAV_CMD_SOLO_BTN_FLY_CLICK, 44,65,49,88,94,8,95)
#---------------------------------A.RANGEFINDER-------------------------------------------
[Distance] P1: 1.000000 P2: -1.000000 P3: 1.000000 
[2024-06-18 19:53:58] [Distance] Global distance: 1.000000
#-----------------------------------------------------------------------------
[2024-06-18 19:53:58] [*Distance*] propositional distance 1 is increased (input: MAV_CMD_SOLO_BTN_FLY_CLICK, 44,65,49,88,94,8,95)
[2024-06-18 19:53:58] [write_guidance_log] appending: MAV_CMD_SOLO_BTN_FLY_CLICK 44,65,49,88,94,8,95 1 2

[2024-06-18 19:53:58] [RANGEFINDER] Mode_t:LOITER, yaw_max:0.019632, yaw_min:-2.751988, roll_max: 0.459427, roll_min:-1.247116, pitch_max:0.140419, pitch_min: -0.009075
[2024-06-18 19:53:58] P values [1, -1, 1, -1, 0, 0, 0, 0, 0, 0, 0, 0, 0, 0, 0, 0, 0, 0, 0, 0, 0, 0, 0, 0, 0, 0, 0, 0, 0, 0]
[2024-06-18 19:53:58] [Debug] drone_status:4
[2024-06-18 19:53:58] Incrementing the status_ctr
[2024-06-18 19:53:58] ### Next round (4) for fuzzing commands. ###
#---------------------------------A.RANGEFINDER-------------------------------------------
[Distance] P1: 1.000000 P2: -1.000000 P3: 1.000000 
[2024-06-18 19:53:58] [Distance] Global distance: 1.000000
#-----------------------------------------------------------------------------
[2024-06-18 19:53:58] [RANGEFINDER] Mode_t:LOITER, yaw_max:0.019632, yaw_min:-2.751988, roll_max: 0.459427, roll_min:-1.247116, pitch_max:0.140419, pitch_min: -0.009075
[2024-06-18 19:53:58] P values [1, -1, 1, -1, 0, 0, 0, 0, 0, 0, 0, 0, 0, 0, 0, 0, 0, 0, 0, 0, 0, 0, 0, 0, 0, 0, 0, 0, 0, 0]
[2024-06-18 19:53:58] Generated random msgs for rangefinder
#---------------------------------A.RANGEFINDER-------------------------------------------
[Distance] P1: 1.000000 P2: -1.000000 P3: 1.000000 
[2024-06-18 19:54:02] [Distance] Global distance: 1.000000
#-----------------------------------------------------------------------------
[2024-06-18 19:54:02] [RANGEFINDER] Mode_t:LOITER, yaw_max:0.019632, yaw_min:-2.751988, roll_max: 0.459427, roll_min:-1.247116, pitch_max:0.140419, pitch_min: -0.009075
[2024-06-18 19:54:02] P values [1, -1, 1, -1, 0, 0, 0, 0, 0, 0, 0, 0, 0, 0, 0, 0, 0, 0, 0, 0, 0, 0, 0, 0, 0, 0, 0, 0, 0, 0]
[2024-06-18 19:54:02] [Debug] drone_status:4
[2024-06-18 19:54:02] Incrementing the status_ctr
[2024-06-18 19:54:02] ### Next round (5) for fuzzing commands. ###
#---------------------------------A.RANGEFINDER-------------------------------------------
[Distance] P1: 1.000000 P2: -1.000000 P3: 1.000000 
[2024-06-18 19:54:02] [Distance] Global distance: 1.000000
#-----------------------------------------------------------------------------
[2024-06-18 19:54:02] [RANGEFINDER] Mode_t:LOITER, yaw_max:0.019632, yaw_min:-2.751988, roll_max: 0.459427, roll_min:-1.247116, pitch_max:0.140419, pitch_min: -0.009075
[2024-06-18 19:54:02] P values [1, -1, 1, -1, 0, 0, 0, 0, 0, 0, 0, 0, 0, 0, 0, 0, 0, 0, 0, 0, 0, 0, 0, 0, 0, 0, 0, 0, 0, 0]
[2024-06-18 19:54:02] [Execute_env] (SIM_ACC_BIAS_Y, 73.5760897417)
#---------------------------------A.RANGEFINDER-------------------------------------------
[Distance] P1: 1.000000 P2: -1.000000 P3: 1.000000 
[2024-06-18 19:54:06] [Distance] Global distance: 1.000000
#-----------------------------------------------------------------------------
[2024-06-18 19:54:06] [RANGEFINDER] Mode_t:LOITER, yaw_max:0.019632, yaw_min:-2.751988, roll_max: 0.459427, roll_min:-1.247116, pitch_max:0.140419, pitch_min: -0.009075
[2024-06-18 19:54:06] P values [1, -1, 1, -1, 0, 0, 0, 0, 0, 0, 0, 0, 0, 0, 0, 0, 0, 0, 0, 0, 0, 0, 0, 0, 0, 0, 0, 0, 0, 0]
[2024-06-18 19:54:06] [Debug] drone_status:4
[2024-06-18 19:54:06] Incrementing the status_ctr
[2024-06-18 19:54:06] ### Next round (6) for fuzzing commands. ###
#---------------------------------A.RANGEFINDER-------------------------------------------
[Distance] P1: 1.000000 P2: -1.000000 P3: 1.000000 
[2024-06-18 19:54:06] [Distance] Global distance: 1.000000
#-----------------------------------------------------------------------------
[2024-06-18 19:54:06] [RANGEFINDER] Mode_t:LOITER, yaw_max:0.019632, yaw_min:-2.751988, roll_max: 0.459427, roll_min:-1.247116, pitch_max:0.140419, pitch_min: -0.009075
[2024-06-18 19:54:06] P values [1, -1, 1, -1, 0, 0, 0, 0, 0, 0, 0, 0, 0, 0, 0, 0, 0, 0, 0, 0, 0, 0, 0, 0, 0, 0, 0, 0, 0, 0]
[2024-06-18 19:54:06] [Execute_cmd] (MAV_CMD_DO_PARACHUTE, 2)
#---------------------------------A.RANGEFINDER-------------------------------------------
[Distance] P1: 1.000000 P2: -1.000000 P3: 1.000000 
[2024-06-18 19:54:10] [Distance] Global distance: 1.000000
#-----------------------------------------------------------------------------
[2024-06-18 19:54:10] [RANGEFINDER] Mode_t:LOITER, yaw_max:0.019632, yaw_min:-2.751988, roll_max: 0.459427, roll_min:-1.247116, pitch_max:0.140419, pitch_min: -0.009075
[2024-06-18 19:54:10] P values [1, -1, 1, -1, 0, 0, 0, 0, 0, 0, 0, 0, 0, 0, 0, 0, 0, 0, 0, 0, 0, 0, 0, 0, 0, 0, 0, 0, 0, 0]
[2024-06-18 19:54:10] [Debug] drone_status:4
[2024-06-18 19:54:10] Incrementing the status_ctr
[2024-06-18 19:54:10] ### Next round (7) for fuzzing commands. ###
#---------------------------------A.RANGEFINDER-------------------------------------------
[Distance] P1: 1.000000 P2: -1.000000 P3: 1.000000 
[2024-06-18 19:54:10] [Distance] Global distance: 1.000000
#-----------------------------------------------------------------------------
[2024-06-18 19:54:10] [RANGEFINDER] Mode_t:LOITER, yaw_max:0.019632, yaw_min:-2.751988, roll_max: 0.459427, roll_min:-1.247116, pitch_max:0.140419, pitch_min: -0.009075
[2024-06-18 19:54:10] P values [1, -1, 1, -1, 0, 0, 0, 0, 0, 0, 0, 0, 0, 0, 0, 0, 0, 0, 0, 0, 0, 0, 0, 0, 0, 0, 0, 0, 0, 0]
[2024-06-18 19:54:10] [Execute_cmd] (RC3, 1197)
#---------------------------------A.RANGEFINDER-------------------------------------------
[Distance] P1: 1.000000 P2: -1.000000 P3: 1.000000 
[2024-06-18 19:54:14] [Distance] Global distance: 1.000000
#-----------------------------------------------------------------------------
[2024-06-18 19:54:14] [RANGEFINDER] Mode_t:LOITER, yaw_max:0.019632, yaw_min:-2.751988, roll_max: 0.459427, roll_min:-1.247116, pitch_max:0.140419, pitch_min: -0.009075
[2024-06-18 19:54:14] P values [1, -1, 1, -1, 0, 0, 0, 0, 0, 0, 0, 0, 0, 0, 0, 0, 0, 0, 0, 0, 0, 0, 0, 0, 0, 0, 0, 0, 0, 0]
[2024-06-18 19:54:14] [Debug] drone_status:4
[2024-06-18 19:54:14] Incrementing the status_ctr
[2024-06-18 19:54:14] ### Next round (8) for fuzzing commands. ###
#---------------------------------A.RANGEFINDER-------------------------------------------
[Distance] P1: 1.000000 P2: -1.000000 P3: 1.000000 
[2024-06-18 19:54:14] [Distance] Global distance: 1.000000
#-----------------------------------------------------------------------------
[2024-06-18 19:54:14] [RANGEFINDER] Mode_t:LOITER, yaw_max:0.019632, yaw_min:-2.751988, roll_max: 0.459427, roll_min:-1.247116, pitch_max:0.140419, pitch_min: -0.009075
[2024-06-18 19:54:14] P values [1, -1, 1, -1, 0, 0, 0, 0, 0, 0, 0, 0, 0, 0, 0, 0, 0, 0, 0, 0, 0, 0, 0, 0, 0, 0, 0, 0, 0, 0]
[2024-06-18 19:54:14] [Execute_env] (SIM_BARO_DELAY, 78.9127135497)
#---------------------------------A.RANGEFINDER-------------------------------------------
[Distance] P1: 1.000000 P2: -1.000000 P3: 1.000000 
[2024-06-18 19:54:18] [Distance] Global distance: 1.000000
#-----------------------------------------------------------------------------
[2024-06-18 19:54:18] [RANGEFINDER] Mode_t:LOITER, yaw_max:0.019632, yaw_min:-2.751988, roll_max: 0.459427, roll_min:-1.247116, pitch_max:0.140419, pitch_min: -0.009075
[2024-06-18 19:54:18] P values [1, -1, 1, -1, 0, 0, 0, 0, 0, 0, 0, 0, 0, 0, 0, 0, 0, 0, 0, 0, 0, 0, 0, 0, 0, 0, 0, 0, 0, 0]
[2024-06-18 19:54:18] [Debug] drone_status:4
[2024-06-18 19:54:18] Incrementing the status_ctr
[2024-06-18 19:54:18] ### Next round (9) for fuzzing commands. ###
#---------------------------------A.RANGEFINDER-------------------------------------------
[Distance] P1: 1.000000 P2: -1.000000 P3: 1.000000 
[2024-06-18 19:54:18] [Distance] Global distance: 1.000000
#-----------------------------------------------------------------------------
[2024-06-18 19:54:18] [RANGEFINDER] Mode_t:LOITER, yaw_max:0.019632, yaw_min:-2.751988, roll_max: 0.459427, roll_min:-1.247116, pitch_max:0.140419, pitch_min: -0.009075
[2024-06-18 19:54:18] P values [1, -1, 1, -1, 0, 0, 0, 0, 0, 0, 0, 0, 0, 0, 0, 0, 0, 0, 0, 0, 0, 0, 0, 0, 0, 0, 0, 0, 0, 0]
[2024-06-18 19:54:18] Generated random msgs for rangefinder
#---------------------------------A.RANGEFINDER-------------------------------------------
[Distance] P1: 1.000000 P2: -1.000000 P3: 1.000000 
[2024-06-18 19:54:22] [Distance] Global distance: 1.000000
#-----------------------------------------------------------------------------
[2024-06-18 19:54:22] [RANGEFINDER] Mode_t:LOITER, yaw_max:0.019632, yaw_min:-2.751988, roll_max: 0.459427, roll_min:-1.247116, pitch_max:0.140419, pitch_min: -0.009075
[2024-06-18 19:54:22] P values [1, -1, 1, -1, 0, 0, 0, 0, 0, 0, 0, 0, 0, 0, 0, 0, 0, 0, 0, 0, 0, 0, 0, 0, 0, 0, 0, 0, 0, 0]
[2024-06-18 19:54:22] [Debug] drone_status:4
[2024-06-18 19:54:22] Incrementing the status_ctr
[2024-06-18 19:54:22] ### Next round (10) for fuzzing commands. ###
#---------------------------------A.RANGEFINDER-------------------------------------------
[Distance] P1: 1.000000 P2: -1.000000 P3: 1.000000 
[2024-06-18 19:54:22] [Distance] Global distance: 1.000000
#-----------------------------------------------------------------------------
[2024-06-18 19:54:22] [RANGEFINDER] Mode_t:LOITER, yaw_max:0.019632, yaw_min:-2.751988, roll_max: 0.459427, roll_min:-1.247116, pitch_max:0.140419, pitch_min: -0.009075
[2024-06-18 19:54:22] P values [1, -1, 1, -1, 0, 0, 0, 0, 0, 0, 0, 0, 0, 0, 0, 0, 0, 0, 0, 0, 0, 0, 0, 0, 0, 0, 0, 0, 0, 0]
[2024-06-18 19:54:22] # [Change_parameter()] selected params: RNGFND_GAIN
[2024-06-18 19:54:22] # [Change_parameter()] selected params: RNGFND_GAIN, min: 0.010000, max: 2.000000, random real param value:0.654213
#---------------------------------A.RANGEFINDER-------------------------------------------
[Distance] P1: 1.000000 P2: -1.000000 P3: 1.000000 
[2024-06-18 19:54:29] [Distance] Global distance: 1.000000
#-----------------------------------------------------------------------------
[2024-06-18 19:54:29] [RANGEFINDER] Mode_t:LOITER, yaw_max:0.019632, yaw_min:-2.751988, roll_max: 0.459427, roll_min:-1.247116, pitch_max:0.140419, pitch_min: -0.009075
[2024-06-18 19:54:29] P values [1, -1, 1, -1, 0, 0, 0, 0, 0, 0, 0, 0, 0, 0, 0, 0, 0, 0, 0, 0, 0, 0, 0, 0, 0, 0, 0, 0, 0, 0]
[2024-06-18 19:54:29] [Debug] drone_status:4
[2024-06-18 19:54:29] Incrementing the status_ctr
[2024-06-18 19:54:29] ### Next round (11) for fuzzing commands. ###
#---------------------------------A.RANGEFINDER-------------------------------------------
[Distance] P1: 1.000000 P2: -1.000000 P3: 1.000000 
[2024-06-18 19:54:29] [Distance] Global distance: 1.000000
#-----------------------------------------------------------------------------
[2024-06-18 19:54:29] [RANGEFINDER] Mode_t:LOITER, yaw_max:0.019632, yaw_min:-2.751988, roll_max: 0.459427, roll_min:-1.247116, pitch_max:0.140419, pitch_min: -0.009075
[2024-06-18 19:54:29] P values [1, -1, 1, -1, 0, 0, 0, 0, 0, 0, 0, 0, 0, 0, 0, 0, 0, 0, 0, 0, 0, 0, 0, 0, 0, 0, 0, 0, 0, 0]
[2024-06-18 19:54:29] [Execute_cmd] (MAV_CMD_DO_SET_SERVO, 75,40,45,37,17,18,17)
#---------------------------------A.RANGEFINDER-------------------------------------------
[Distance] P1: 1.000000 P2: -1.000000 P3: 1.000000 
[2024-06-18 19:54:33] [Distance] Global distance: 1.000000
#-----------------------------------------------------------------------------
[2024-06-18 19:54:33] [RANGEFINDER] Mode_t:LOITER, yaw_max:0.019632, yaw_min:-2.751988, roll_max: 0.459427, roll_min:-1.247116, pitch_max:0.140419, pitch_min: -0.009075
[2024-06-18 19:54:33] P values [1, -1, 1, -1, 0, 0, 0, 0, 0, 0, 0, 0, 0, 0, 0, 0, 0, 0, 0, 0, 0, 0, 0, 0, 0, 0, 0, 0, 0, 0]
[2024-06-18 19:54:33] [Debug] drone_status:4
[2024-06-18 19:54:33] Incrementing the status_ctr
[2024-06-18 19:54:33] ### Next round (12) for fuzzing commands. ###
#---------------------------------A.RANGEFINDER-------------------------------------------
[Distance] P1: 1.000000 P2: -1.000000 P3: 1.000000 
[2024-06-18 19:54:33] [Distance] Global distance: 1.000000
#-----------------------------------------------------------------------------
[2024-06-18 19:54:33] [RANGEFINDER] Mode_t:LOITER, yaw_max:0.019632, yaw_min:-2.751988, roll_max: 0.459427, roll_min:-1.247116, pitch_max:0.140419, pitch_min: -0.009075
[2024-06-18 19:54:33] P values [1, -1, 1, -1, 0, 0, 0, 0, 0, 0, 0, 0, 0, 0, 0, 0, 0, 0, 0, 0, 0, 0, 0, 0, 0, 0, 0, 0, 0, 0]
[2024-06-18 19:54:33] # [Change_parameter()] selected params: MOT_SLEW_DN_TIME
[2024-06-18 19:54:33] # [Change_parameter()] selected params: MOT_SLEW_DN_TIME, min: 0.000000, max: 0.500000, random real param value:0.004378
#---------------------------------A.RANGEFINDER-------------------------------------------
[Distance] P1: 1.000000 P2: -1.000000 P3: 1.000000 
[2024-06-18 19:54:40] [Distance] Global distance: 1.000000
#-----------------------------------------------------------------------------
[2024-06-18 19:54:40] [RANGEFINDER] Mode_t:LOITER, yaw_max:0.019632, yaw_min:-2.751988, roll_max: 0.459427, roll_min:-1.247116, pitch_max:0.140419, pitch_min: -0.009075
[2024-06-18 19:54:40] P values [1, -1, 1, -1, 0, 0, 0, 0, 0, 0, 0, 0, 0, 0, 0, 0, 0, 0, 0, 0, 0, 0, 0, 0, 0, 0, 0, 0, 0, 0]
[2024-06-18 19:54:40] [Debug] drone_status:4
[2024-06-18 19:54:40] Incrementing the status_ctr
[2024-06-18 19:54:40] ### Next round (13) for fuzzing commands. ###
#---------------------------------A.RANGEFINDER-------------------------------------------
[Distance] P1: 1.000000 P2: -1.000000 P3: 1.000000 
[2024-06-18 19:54:40] [Distance] Global distance: 1.000000
#-----------------------------------------------------------------------------
[2024-06-18 19:54:40] [RANGEFINDER] Mode_t:LOITER, yaw_max:0.019632, yaw_min:-2.751988, roll_max: 0.459427, roll_min:-1.247116, pitch_max:0.140419, pitch_min: -0.009075
[2024-06-18 19:54:40] P values [1, -1, 1, -1, 0, 0, 0, 0, 0, 0, 0, 0, 0, 0, 0, 0, 0, 0, 0, 0, 0, 0, 0, 0, 0, 0, 0, 0, 0, 0]
[2024-06-18 19:54:40] Generated random msgs for rangefinder
#---------------------------------A.RANGEFINDER-------------------------------------------
[Distance] P1: 1.000000 P2: -1.000000 P3: 1.000000 
[2024-06-18 19:54:44] [Distance] Global distance: 1.000000
#-----------------------------------------------------------------------------
[2024-06-18 19:54:44] [RANGEFINDER] Mode_t:LOITER, yaw_max:0.019632, yaw_min:-2.751988, roll_max: 0.459427, roll_min:-1.247116, pitch_max:0.140419, pitch_min: -0.009075
[2024-06-18 19:54:44] P values [1, -1, 1, -1, 0, 0, 0, 0, 0, 0, 0, 0, 0, 0, 0, 0, 0, 0, 0, 0, 0, 0, 0, 0, 0, 0, 0, 0, 0, 0]
[2024-06-18 19:54:44] [Debug] drone_status:4
[2024-06-18 19:54:44] Incrementing the status_ctr
[2024-06-18 19:54:44] ### Next round (14) for fuzzing commands. ###
#---------------------------------A.RANGEFINDER-------------------------------------------
[Distance] P1: 1.000000 P2: -1.000000 P3: 1.000000 
[2024-06-18 19:54:44] [Distance] Global distance: 1.000000
#-----------------------------------------------------------------------------
[2024-06-18 19:54:44] [RANGEFINDER] Mode_t:LOITER, yaw_max:0.019632, yaw_min:-2.751988, roll_max: 0.459427, roll_min:-1.247116, pitch_max:0.140419, pitch_min: -0.009075
[2024-06-18 19:54:44] P values [1, -1, 1, -1, 0, 0, 0, 0, 0, 0, 0, 0, 0, 0, 0, 0, 0, 0, 0, 0, 0, 0, 0, 0, 0, 0, 0, 0, 0, 0]
[2024-06-18 19:54:44] [Execute_cmd] (MAV_CMD_DO_REPOSITION, 61,79,40,60,61,72,13)
#---------------------------------A.RANGEFINDER-------------------------------------------
[Distance] P1: 1.000000 P2: -1.000000 P3: 1.000000 
[2024-06-18 19:54:48] [Distance] Global distance: 1.000000
#-----------------------------------------------------------------------------
[2024-06-18 19:54:48] [RANGEFINDER] Mode_t:LOITER, yaw_max:0.019632, yaw_min:-2.751988, roll_max: 0.459427, roll_min:-1.247116, pitch_max:0.140419, pitch_min: -0.009075
[2024-06-18 19:54:48] P values [1, -1, 1, -1, 0, 0, 0, 0, 0, 0, 0, 0, 0, 0, 0, 0, 0, 0, 0, 0, 0, 0, 0, 0, 0, 0, 0, 0, 0, 0]
[2024-06-18 19:54:48] [Debug] drone_status:4
[2024-06-18 19:54:48] Incrementing the status_ctr
[2024-06-18 19:54:48] ### Next round (15) for fuzzing commands. ###
#---------------------------------A.RANGEFINDER-------------------------------------------
[Distance] P1: 1.000000 P2: -1.000000 P3: 1.000000 
[2024-06-18 19:54:48] [Distance] Global distance: 1.000000
#-----------------------------------------------------------------------------
[2024-06-18 19:54:48] [RANGEFINDER] Mode_t:LOITER, yaw_max:0.019632, yaw_min:-2.751988, roll_max: 0.459427, roll_min:-1.247116, pitch_max:0.140419, pitch_min: -0.009075
[2024-06-18 19:54:48] P values [1, -1, 1, -1, 0, 0, 0, 0, 0, 0, 0, 0, 0, 0, 0, 0, 0, 0, 0, 0, 0, 0, 0, 0, 0, 0, 0, 0, 0, 0]
[2024-06-18 19:54:48] [Execute_cmd] (MAV_CMD_NAV_SPLINE_WAYPOINT, 40,29,24,79,34,30,99)
#---------------------------------A.RANGEFINDER-------------------------------------------
[Distance] P1: 1.000000 P2: -1.000000 P3: 1.000000 
[2024-06-18 19:54:52] [Distance] Global distance: 1.000000
#-----------------------------------------------------------------------------
[2024-06-18 19:54:52] [RANGEFINDER] Mode_t:LOITER, yaw_max:0.019632, yaw_min:-2.751988, roll_max: 0.459427, roll_min:-1.247116, pitch_max:0.140419, pitch_min: -0.009075
[2024-06-18 19:54:52] P values [1, -1, 1, -1, 0, 0, 0, 0, 0, 0, 0, 0, 0, 0, 0, 0, 0, 0, 0, 0, 0, 0, 0, 0, 0, 0, 0, 0, 0, 0]
[2024-06-18 19:54:52] [Debug] drone_status:4
[2024-06-18 19:54:52] Incrementing the status_ctr
[2024-06-18 19:54:52] ### Next round (16) for fuzzing commands. ###
#---------------------------------A.RANGEFINDER-------------------------------------------
[Distance] P1: 1.000000 P2: -1.000000 P3: 1.000000 
[2024-06-18 19:54:52] [Distance] Global distance: 1.000000
#-----------------------------------------------------------------------------
[2024-06-18 19:54:52] [RANGEFINDER] Mode_t:LOITER, yaw_max:0.019632, yaw_min:-2.751988, roll_max: 0.459427, roll_min:-1.247116, pitch_max:0.140419, pitch_min: -0.009075
[2024-06-18 19:54:52] P values [1, -1, 1, -1, 0, 0, 0, 0, 0, 0, 0, 0, 0, 0, 0, 0, 0, 0, 0, 0, 0, 0, 0, 0, 0, 0, 0, 0, 0, 0]
[2024-06-18 19:54:52] Generated random msgs for rangefinder
#---------------------------------A.RANGEFINDER-------------------------------------------
[Distance] P1: 1.000000 P2: -1.000000 P3: 1.000000 
[2024-06-18 19:54:56] [Distance] Global distance: 1.000000
#-----------------------------------------------------------------------------
[2024-06-18 19:54:56] [RANGEFINDER] Mode_t:LOITER, yaw_max:0.019632, yaw_min:-2.751988, roll_max: 0.459427, roll_min:-1.247116, pitch_max:0.140419, pitch_min: -0.009075
[2024-06-18 19:54:56] P values [1, -1, 1, -1, 0, 0, 0, 0, 0, 0, 0, 0, 0, 0, 0, 0, 0, 0, 0, 0, 0, 0, 0, 0, 0, 0, 0, 0, 0, 0]
[2024-06-18 19:54:56] [Debug] drone_status:4
[2024-06-18 19:54:56] Incrementing the status_ctr
[2024-06-18 19:54:56] ### Next round (17) for fuzzing commands. ###
#---------------------------------A.RANGEFINDER-------------------------------------------
[Distance] P1: 1.000000 P2: -1.000000 P3: 1.000000 
[2024-06-18 19:54:56] [Distance] Global distance: 1.000000
#-----------------------------------------------------------------------------
[2024-06-18 19:54:56] [RANGEFINDER] Mode_t:LOITER, yaw_max:0.019632, yaw_min:-2.751988, roll_max: 0.459427, roll_min:-1.247116, pitch_max:0.140419, pitch_min: -0.009075
[2024-06-18 19:54:56] P values [1, -1, 1, -1, 0, 0, 0, 0, 0, 0, 0, 0, 0, 0, 0, 0, 0, 0, 0, 0, 0, 0, 0, 0, 0, 0, 0, 0, 0, 0]
[2024-06-18 19:54:56] Generated random msgs for rangefinder
#---------------------------------A.RANGEFINDER-------------------------------------------
[Distance] P1: 1.000000 P2: -1.000000 P3: 1.000000 
[2024-06-18 19:55:00] [Distance] Global distance: 1.000000
#-----------------------------------------------------------------------------
[2024-06-18 19:55:00] [RANGEFINDER] Mode_t:LOITER, yaw_max:0.019632, yaw_min:-2.751988, roll_max: 0.459427, roll_min:-1.247116, pitch_max:0.140419, pitch_min: -0.009075
[2024-06-18 19:55:00] P values [1, -1, 1, -1, 0, 0, 0, 0, 0, 0, 0, 0, 0, 0, 0, 0, 0, 0, 0, 0, 0, 0, 0, 0, 0, 0, 0, 0, 0, 0]
[2024-06-18 19:55:00] [Debug] drone_status:4
[2024-06-18 19:55:00] Incrementing the status_ctr
[2024-06-18 19:55:00] ### Next round (18) for fuzzing commands. ###
#---------------------------------A.RANGEFINDER-------------------------------------------
[Distance] P1: 1.000000 P2: -1.000000 P3: 1.000000 
[2024-06-18 19:55:00] [Distance] Global distance: 1.000000
#-----------------------------------------------------------------------------
[2024-06-18 19:55:00] [RANGEFINDER] Mode_t:LOITER, yaw_max:0.019632, yaw_min:-2.751988, roll_max: 0.459427, roll_min:-1.247116, pitch_max:0.140419, pitch_min: -0.009075
[2024-06-18 19:55:00] P values [1, -1, 1, -1, 0, 0, 0, 0, 0, 0, 0, 0, 0, 0, 0, 0, 0, 0, 0, 0, 0, 0, 0, 0, 0, 0, 0, 0, 0, 0]
[2024-06-18 19:55:00] [Execute_cmd] (MAV_CMD_FIXED_MAG_CAL, 25,37,46,7,20,37,27)
#---------------------------------A.RANGEFINDER-------------------------------------------
[Distance] P1: 1.000000 P2: -1.000000 P3: 1.000000 
[2024-06-18 19:55:04] [Distance] Global distance: 1.000000
#-----------------------------------------------------------------------------
[2024-06-18 19:55:04] [RANGEFINDER] Mode_t:LOITER, yaw_max:0.019632, yaw_min:-2.751988, roll_max: 0.459427, roll_min:-1.247116, pitch_max:0.140419, pitch_min: -0.009075
[2024-06-18 19:55:04] P values [1, -1, 1, -1, 0, 0, 0, 0, 0, 0, 0, 0, 0, 0, 0, 0, 0, 0, 0, 0, 0, 0, 0, 0, 0, 0, 0, 0, 0, 0]
[2024-06-18 19:55:04] [Debug] drone_status:4
[2024-06-18 19:55:04] Incrementing the status_ctr
[2024-06-18 19:55:04] ### Next round (19) for fuzzing commands. ###
#---------------------------------A.RANGEFINDER-------------------------------------------
[Distance] P1: 1.000000 P2: -1.000000 P3: 1.000000 
[2024-06-18 19:55:04] [Distance] Global distance: 1.000000
#-----------------------------------------------------------------------------
[2024-06-18 19:55:04] [RANGEFINDER] Mode_t:LOITER, yaw_max:0.019632, yaw_min:-2.751988, roll_max: 0.459427, roll_min:-1.247116, pitch_max:0.140419, pitch_min: -0.009075
[2024-06-18 19:55:04] P values [1, -1, 1, -1, 0, 0, 0, 0, 0, 0, 0, 0, 0, 0, 0, 0, 0, 0, 0, 0, 0, 0, 0, 0, 0, 0, 0, 0, 0, 0]
[2024-06-18 19:55:04] [Execute_env] (SIM_PARA_PIN, 58.0784392626)
#---------------------------------A.RANGEFINDER-------------------------------------------
[Distance] P1: 1.000000 P2: -1.000000 P3: 1.000000 
[2024-06-18 19:55:08] [Distance] Global distance: 1.000000
#-----------------------------------------------------------------------------
[2024-06-18 19:55:08] [RANGEFINDER] Mode_t:LOITER, yaw_max:0.019632, yaw_min:-2.751988, roll_max: 0.459427, roll_min:-1.247116, pitch_max:0.140419, pitch_min: -0.009075
[2024-06-18 19:55:08] P values [1, -1, 1, -1, 0, 0, 0, 0, 0, 0, 0, 0, 0, 0, 0, 0, 0, 0, 0, 0, 0, 0, 0, 0, 0, 0, 0, 0, 0, 0]
[2024-06-18 19:55:08] [Debug] drone_status:4
[2024-06-18 19:55:08] Incrementing the status_ctr
[2024-06-18 19:55:08] ### Next round (20) for fuzzing commands. ###
#---------------------------------A.RANGEFINDER-------------------------------------------
[Distance] P1: 1.000000 P2: -1.000000 P3: 1.000000 
[2024-06-18 19:55:08] [Distance] Global distance: 1.000000
#-----------------------------------------------------------------------------
[2024-06-18 19:55:08] [RANGEFINDER] Mode_t:LOITER, yaw_max:0.019632, yaw_min:-2.751988, roll_max: 0.459427, roll_min:-1.247116, pitch_max:0.140419, pitch_min: -0.009075
[2024-06-18 19:55:08] P values [1, -1, 1, -1, 0, 0, 0, 0, 0, 0, 0, 0, 0, 0, 0, 0, 0, 0, 0, 0, 0, 0, 0, 0, 0, 0, 0, 0, 0, 0]
[2024-06-18 19:55:08] # [Change_parameter()] selected params: SIM_FLOW_POS_Z
[2024-06-18 19:55:08] [param] selected params: SIM_FLOW_POS_Z, there is no min of valid range, random param value:5082
#---------------------------------A.RANGEFINDER-------------------------------------------
[Distance] P1: 1.000000 P2: -1.000000 P3: 1.000000 
[2024-06-18 19:55:15] [Distance] Global distance: 1.000000
#-----------------------------------------------------------------------------
[2024-06-18 19:55:15] [RANGEFINDER] Mode_t:LOITER, yaw_max:0.019632, yaw_min:-2.751988, roll_max: 0.459427, roll_min:-1.247116, pitch_max:0.140419, pitch_min: -0.009075
[2024-06-18 19:55:15] P values [1, -1, 1, -1, 0, 0, 0, 0, 0, 0, 0, 0, 0, 0, 0, 0, 0, 0, 0, 0, 0, 0, 0, 0, 0, 0, 0, 0, 0, 0]
[2024-06-18 19:55:15] [Debug] drone_status:4
[2024-06-18 19:55:15] Incrementing the status_ctr
[2024-06-18 19:55:15] ### Next round (21) for fuzzing commands. ###
#---------------------------------A.RANGEFINDER-------------------------------------------
[Distance] P1: 1.000000 P2: -1.000000 P3: 1.000000 
[2024-06-18 19:55:15] [Distance] Global distance: 1.000000
#-----------------------------------------------------------------------------
[2024-06-18 19:55:15] [RANGEFINDER] Mode_t:LOITER, yaw_max:0.019632, yaw_min:-2.751988, roll_max: 0.459427, roll_min:-1.247116, pitch_max:0.140419, pitch_min: -0.009075
[2024-06-18 19:55:15] P values [1, -1, 1, -1, 0, 0, 0, 0, 0, 0, 0, 0, 0, 0, 0, 0, 0, 0, 0, 0, 0, 0, 0, 0, 0, 0, 0, 0, 0, 0]
[2024-06-18 19:55:15] Generated random msgs for rangefinder
#---------------------------------A.RANGEFINDER-------------------------------------------
[Distance] P1: 1.000000 P2: -1.000000 P3: 1.000000 
[2024-06-18 19:55:19] [Distance] Global distance: 1.000000
#-----------------------------------------------------------------------------
[2024-06-18 19:55:19] [RANGEFINDER] Mode_t:LOITER, yaw_max:0.019632, yaw_min:-2.751988, roll_max: 0.459427, roll_min:-1.247116, pitch_max:0.140419, pitch_min: -0.009075
[2024-06-18 19:55:19] P values [1, -1, 1, -1, 0, 0, 0, 0, 0, 0, 0, 0, 0, 0, 0, 0, 0, 0, 0, 0, 0, 0, 0, 0, 0, 0, 0, 0, 0, 0]
[2024-06-18 19:55:19] [Debug] drone_status:4
[2024-06-18 19:55:19] Incrementing the status_ctr
[2024-06-18 19:55:19] ### Next round (22) for fuzzing commands. ###
#---------------------------------A.RANGEFINDER-------------------------------------------
[Distance] P1: 1.000000 P2: -1.000000 P3: 1.000000 
[2024-06-18 19:55:19] [Distance] Global distance: 1.000000
#-----------------------------------------------------------------------------
[2024-06-18 19:55:19] [RANGEFINDER] Mode_t:LOITER, yaw_max:0.019632, yaw_min:-2.751988, roll_max: 0.459427, roll_min:-1.247116, pitch_max:0.140419, pitch_min: -0.009075
[2024-06-18 19:55:19] P values [1, -1, 1, -1, 0, 0, 0, 0, 0, 0, 0, 0, 0, 0, 0, 0, 0, 0, 0, 0, 0, 0, 0, 0, 0, 0, 0, 0, 0, 0]
[2024-06-18 19:55:19] [Execute_cmd] (Flight_Mode, 5)
#---------------------------------A.RANGEFINDER-------------------------------------------
[Distance] P1: 1.000000 P2: -1.000000 P3: 1.000000 
[2024-06-18 19:55:23] [Distance] Global distance: 1.000000
#-----------------------------------------------------------------------------
[2024-06-18 19:55:23] [RANGEFINDER] Mode_t:LOITER, yaw_max:0.019632, yaw_min:-2.751988, roll_max: 0.459427, roll_min:-1.247116, pitch_max:0.140419, pitch_min: -0.009075
[2024-06-18 19:55:23] P values [1, -1, 1, -1, 0, 0, 0, 0, 0, 0, 0, 0, 0, 0, 0, 0, 0, 0, 0, 0, 0, 0, 0, 0, 0, 0, 0, 0, 0, 0]
[2024-06-18 19:55:23] [Debug] drone_status:4
[2024-06-18 19:55:23] Incrementing the status_ctr
[2024-06-18 19:55:23] ### Next round (23) for fuzzing commands. ###
#---------------------------------A.RANGEFINDER-------------------------------------------
[Distance] P1: 1.000000 P2: -1.000000 P3: 1.000000 
[2024-06-18 19:55:23] [Distance] Global distance: 1.000000
#-----------------------------------------------------------------------------
[2024-06-18 19:55:23] [RANGEFINDER] Mode_t:LOITER, yaw_max:0.019632, yaw_min:-2.751988, roll_max: 0.459427, roll_min:-1.247116, pitch_max:0.140419, pitch_min: -0.009075
[2024-06-18 19:55:23] P values [1, -1, 1, -1, 0, 0, 0, 0, 0, 0, 0, 0, 0, 0, 0, 0, 0, 0, 0, 0, 0, 0, 0, 0, 0, 0, 0, 0, 0, 0]
[2024-06-18 19:55:23] [Execute_cmd] (MAV_CMD_NAV_LAND, 76,99,24,14,4,20,91)
#---------------------------------A.RANGEFINDER-------------------------------------------
[Distance] P1: -1.000000 P2: -1.000000 P3: 1.000000 
[2024-06-18 19:55:27] [Distance] Global distance: 1.000000
#-----------------------------------------------------------------------------
[2024-06-18 19:55:27] [RANGEFINDER] Mode_t:LAND, yaw_max:0.019632, yaw_min:-2.751988, roll_max: 0.459427, roll_min:-1.247116, pitch_max:0.140419, pitch_min: -0.009075
[2024-06-18 19:55:27] P values [-1, -1, 1, -1, 0, 0, 0, 0, 0, 0, 0, 0, 0, 0, 0, 0, 0, 0, 0, 0, 0, 0, 0, 0, 0, 0, 0, 0, 0, 0]
[2024-06-18 19:55:27] [Debug] drone_status:4
[2024-06-18 19:55:27] Incrementing the status_ctr
[2024-06-18 19:55:27] ### Next round (24) for fuzzing commands. ###
#---------------------------------A.RANGEFINDER-------------------------------------------
[Distance] P1: -1.000000 P2: -1.000000 P3: 1.000000 
[2024-06-18 19:55:27] [Distance] Global distance: 1.000000
#-----------------------------------------------------------------------------
[2024-06-18 19:55:27] [RANGEFINDER] Mode_t:LAND, yaw_max:0.019632, yaw_min:-2.751988, roll_max: 0.459427, roll_min:-1.247116, pitch_max:0.140419, pitch_min: -0.009075
[2024-06-18 19:55:27] P values [-1, -1, 1, -1, 0, 0, 0, 0, 0, 0, 0, 0, 0, 0, 0, 0, 0, 0, 0, 0, 0, 0, 0, 0, 0, 0, 0, 0, 0, 0]
[2024-06-18 19:55:27] Generated random msgs for rangefinder
#---------------------------------A.RANGEFINDER-------------------------------------------
[Distance] P1: -1.000000 P2: -1.000000 P3: 1.000000 
[2024-06-18 19:55:31] [Distance] Global distance: 1.000000
#-----------------------------------------------------------------------------
[2024-06-18 19:55:31] [RANGEFINDER] Mode_t:LAND, yaw_max:0.019632, yaw_min:-2.751988, roll_max: 0.459427, roll_min:-1.247116, pitch_max:0.140419, pitch_min: -0.009075
[2024-06-18 19:55:31] P values [-1, -1, 1, -1, 0, 0, 0, 0, 0, 0, 0, 0, 0, 0, 0, 0, 0, 0, 0, 0, 0, 0, 0, 0, 0, 0, 0, 0, 0, 0]
[2024-06-18 19:55:31] [Debug] drone_status:4
[2024-06-18 19:55:31] Incrementing the status_ctr
[2024-06-18 19:55:31] ### Next round (25) for fuzzing commands. ###
#---------------------------------A.RANGEFINDER-------------------------------------------
[Distance] P1: -1.000000 P2: -1.000000 P3: 1.000000 
[2024-06-18 19:55:31] [Distance] Global distance: 1.000000
#-----------------------------------------------------------------------------
[2024-06-18 19:55:31] [RANGEFINDER] Mode_t:LAND, yaw_max:0.019632, yaw_min:-2.751988, roll_max: 0.459427, roll_min:-1.247116, pitch_max:0.140419, pitch_min: -0.009075
[2024-06-18 19:55:31] P values [-1, -1, 1, -1, 0, 0, 0, 0, 0, 0, 0, 0, 0, 0, 0, 0, 0, 0, 0, 0, 0, 0, 0, 0, 0, 0, 0, 0, 0, 0]
[2024-06-18 19:55:31] # [Change_parameter()] selected params: PILOT_THR_FILT
[2024-06-18 19:55:31] # [Change_parameter()] selected params: PILOT_THR_FILT, min: 0.000000, max: 10.000000, random digit param value:0
#---------------------------------A.RANGEFINDER-------------------------------------------
[Distance] P1: -1.000000 P2: -1.000000 P3: 1.000000 
[2024-06-18 19:55:38] [Distance] Global distance: 1.000000
#-----------------------------------------------------------------------------
[2024-06-18 19:55:38] [RANGEFINDER] Mode_t:LAND, yaw_max:0.019632, yaw_min:-2.751988, roll_max: 0.459427, roll_min:-1.247116, pitch_max:0.140419, pitch_min: -0.009075
[2024-06-18 19:55:38] P values [-1, -1, 1, -1, 0, 0, 0, 0, 0, 0, 0, 0, 0, 0, 0, 0, 0, 0, 0, 0, 0, 0, 0, 0, 0, 0, 0, 0, 0, 0]
[2024-06-18 19:55:38] [Debug] drone_status:4
[2024-06-18 19:55:38] Incrementing the status_ctr
[2024-06-18 19:55:38] ### Next round (26) for fuzzing commands. ###
#---------------------------------A.RANGEFINDER-------------------------------------------
[Distance] P1: -1.000000 P2: -1.000000 P3: 1.000000 
[2024-06-18 19:55:38] [Distance] Global distance: 1.000000
#-----------------------------------------------------------------------------
[2024-06-18 19:55:38] [RANGEFINDER] Mode_t:LAND, yaw_max:0.019632, yaw_min:-2.751988, roll_max: 0.459427, roll_min:-1.247116, pitch_max:0.140419, pitch_min: -0.009075
[2024-06-18 19:55:38] P values [-1, -1, 1, -1, 0, 0, 0, 0, 0, 0, 0, 0, 0, 0, 0, 0, 0, 0, 0, 0, 0, 0, 0, 0, 0, 0, 0, 0, 0, 0]
[2024-06-18 19:55:38] [Execute_env] (SIM_BARO_RND, 10.5386513885)
[2024-06-18 19:55:39] [status_text] EKF3 lane switch 1
[2024-06-18 19:55:39] [status_text] EKF primary changed:1
#---------------------------------A.RANGEFINDER-------------------------------------------
[Distance] P1: -1.000000 P2: -1.000000 P3: 1.000000 
[2024-06-18 19:55:42] [Distance] Global distance: 1.000000
#-----------------------------------------------------------------------------
[2024-06-18 19:55:42] [RANGEFINDER] Mode_t:LAND, yaw_max:0.019632, yaw_min:-2.751988, roll_max: 0.459427, roll_min:-1.247116, pitch_max:0.140419, pitch_min: -0.009075
[2024-06-18 19:55:42] P values [-1, -1, 1, -1, 0, 0, 0, 0, 0, 0, 0, 0, 0, 0, 0, 0, 0, 0, 0, 0, 0, 0, 0, 0, 0, 0, 0, 0, 0, 0]
[2024-06-18 19:55:42] [Debug] drone_status:4
[2024-06-18 19:55:42] Incrementing the status_ctr
[2024-06-18 19:55:42] ### Next round (27) for fuzzing commands. ###
#---------------------------------A.RANGEFINDER-------------------------------------------
[Distance] P1: -1.000000 P2: -1.000000 P3: 1.000000 
[2024-06-18 19:55:42] [Distance] Global distance: 1.000000
#-----------------------------------------------------------------------------
[2024-06-18 19:55:42] [RANGEFINDER] Mode_t:LAND, yaw_max:0.019632, yaw_min:-2.751988, roll_max: 0.459427, roll_min:-1.247116, pitch_max:0.140419, pitch_min: -0.009075
[2024-06-18 19:55:42] P values [-1, -1, 1, -1, 0, 0, 0, 0, 0, 0, 0, 0, 0, 0, 0, 0, 0, 0, 0, 0, 0, 0, 0, 0, 0, 0, 0, 0, 0, 0]
[2024-06-18 19:55:42] [Execute_env] (SIM_TIDE_DIR, 95.5756238472)
#---------------------------------A.RANGEFINDER-------------------------------------------
[Distance] P1: -1.000000 P2: -1.000000 P3: 1.000000 
[2024-06-18 19:55:46] [Distance] Global distance: 1.000000
#-----------------------------------------------------------------------------
[2024-06-18 19:55:46] [RANGEFINDER] Mode_t:LAND, yaw_max:0.019632, yaw_min:-2.751988, roll_max: 0.459427, roll_min:-1.247116, pitch_max:0.140419, pitch_min: -0.009075
[2024-06-18 19:55:46] P values [-1, -1, 1, -1, 0, 0, 0, 0, 0, 0, 0, 0, 0, 0, 0, 0, 0, 0, 0, 0, 0, 0, 0, 0, 0, 0, 0, 0, 0, 0]
[2024-06-18 19:55:46] [Debug] drone_status:4
[2024-06-18 19:55:46] Incrementing the status_ctr
[2024-06-18 19:55:46] ### Next round (28) for fuzzing commands. ###
#---------------------------------A.RANGEFINDER-------------------------------------------
[Distance] P1: -1.000000 P2: -1.000000 P3: 1.000000 
[2024-06-18 19:55:46] [Distance] Global distance: 1.000000
#-----------------------------------------------------------------------------
[2024-06-18 19:55:46] [RANGEFINDER] Mode_t:LAND, yaw_max:0.019632, yaw_min:-2.751988, roll_max: 0.459427, roll_min:-1.247116, pitch_max:0.140419, pitch_min: -0.009075
[2024-06-18 19:55:46] P values [-1, -1, 1, -1, 0, 0, 0, 0, 0, 0, 0, 0, 0, 0, 0, 0, 0, 0, 0, 0, 0, 0, 0, 0, 0, 0, 0, 0, 0, 0]
[2024-06-18 19:55:46] [Execute_cmd] (MAV_CMD_NAV_LOITER_TIME, 34,68,18,61,11,12,57)
[2024-06-18 19:55:49] [status_text] EKF3 lane switch 0
[2024-06-18 19:55:49] [status_text] EKF primary changed:0
#---------------------------------A.RANGEFINDER-------------------------------------------
[Distance] P1: -1.000000 P2: -1.000000 P3: 1.000000 
[2024-06-18 19:55:50] [Distance] Global distance: 1.000000
#-----------------------------------------------------------------------------
[2024-06-18 19:55:50] [RANGEFINDER] Mode_t:LAND, yaw_max:0.019632, yaw_min:-2.751988, roll_max: 0.459427, roll_min:-1.247116, pitch_max:0.140419, pitch_min: -0.009075
[2024-06-18 19:55:50] P values [-1, -1, 1, -1, 0, 0, 0, 0, 0, 0, 0, 0, 0, 0, 0, 0, 0, 0, 0, 0, 0, 0, 0, 0, 0, 0, 0, 0, 0, 0]
[2024-06-18 19:55:50] [Debug] drone_status:4
[2024-06-18 19:55:50] Incrementing the status_ctr
[2024-06-18 19:55:50] ### Next round (29) for fuzzing commands. ###
#---------------------------------A.RANGEFINDER-------------------------------------------
[Distance] P1: -1.000000 P2: -1.000000 P3: 1.000000 
[2024-06-18 19:55:50] [Distance] Global distance: 1.000000
#-----------------------------------------------------------------------------
[2024-06-18 19:55:50] [RANGEFINDER] Mode_t:LAND, yaw_max:0.019632, yaw_min:-2.751988, roll_max: 0.459427, roll_min:-1.247116, pitch_max:0.140419, pitch_min: -0.009075
[2024-06-18 19:55:50] P values [-1, -1, 1, -1, 0, 0, 0, 0, 0, 0, 0, 0, 0, 0, 0, 0, 0, 0, 0, 0, 0, 0, 0, 0, 0, 0, 0, 0, 0, 0]
[2024-06-18 19:55:50] # [Change_parameter()] selected params: ACRO_RP_EXPO
[2024-06-18 19:55:50] # [Change_parameter()] selected params: ACRO_RP_EXPO, min: -0.500000, max: 1.000000, random real param value:0.335585
#---------------------------------A.RANGEFINDER-------------------------------------------
[Distance] P1: -1.000000 P2: -1.000000 P3: 1.000000 
[2024-06-18 19:55:57] [Distance] Global distance: 1.000000
#-----------------------------------------------------------------------------
[2024-06-18 19:55:57] [RANGEFINDER] Mode_t:LAND, yaw_max:0.019632, yaw_min:-2.751988, roll_max: 0.459427, roll_min:-1.247116, pitch_max:0.140419, pitch_min: -0.009075
[2024-06-18 19:55:57] P values [-1, -1, 1, -1, 0, 0, 0, 0, 0, 0, 0, 0, 0, 0, 0, 0, 0, 0, 0, 0, 0, 0, 0, 0, 0, 0, 0, 0, 0, 0]
[2024-06-18 19:55:57] [Debug] drone_status:4
[2024-06-18 19:55:57] Incrementing the status_ctr
[2024-06-18 19:55:57] ### Next round (30) for fuzzing commands. ###
#---------------------------------A.RANGEFINDER-------------------------------------------
[Distance] P1: -1.000000 P2: -1.000000 P3: 1.000000 
[2024-06-18 19:55:57] [Distance] Global distance: 1.000000
#-----------------------------------------------------------------------------
[2024-06-18 19:55:57] [RANGEFINDER] Mode_t:LAND, yaw_max:0.019632, yaw_min:-2.751988, roll_max: 0.459427, roll_min:-1.247116, pitch_max:0.140419, pitch_min: -0.009075
[2024-06-18 19:55:57] P values [-1, -1, 1, -1, 0, 0, 0, 0, 0, 0, 0, 0, 0, 0, 0, 0, 0, 0, 0, 0, 0, 0, 0, 0, 0, 0, 0, 0, 0, 0]
[2024-06-18 19:55:57] [Execute_env] (SIM_TWIST_TIME, 49.6333867939)
[2024-06-18 19:55:59] [status_text] EKF3 lane switch 1
[2024-06-18 19:55:59] [status_text] EKF primary changed:1
#---------------------------------A.RANGEFINDER-------------------------------------------
[Distance] P1: -1.000000 P2: -1.000000 P3: 1.000000 
[2024-06-18 19:56:01] [Distance] Global distance: 1.000000
#-----------------------------------------------------------------------------
[2024-06-18 19:56:01] [RANGEFINDER] Mode_t:LAND, yaw_max:0.019632, yaw_min:-2.751988, roll_max: 0.459427, roll_min:-1.247116, pitch_max:0.140419, pitch_min: -0.009075
[2024-06-18 19:56:01] P values [-1, -1, 1, -1, 0, 0, 0, 0, 0, 0, 0, 0, 0, 0, 0, 0, 0, 0, 0, 0, 0, 0, 0, 0, 0, 0, 0, 0, 0, 0]
[2024-06-18 19:56:01] [Debug] drone_status:4
[2024-06-18 19:56:01] Incrementing the status_ctr
[2024-06-18 19:56:01] ### Next round (31) for fuzzing commands. ###
#---------------------------------A.RANGEFINDER-------------------------------------------
[Distance] P1: -1.000000 P2: -1.000000 P3: 1.000000 
[2024-06-18 19:56:01] [Distance] Global distance: 1.000000
#-----------------------------------------------------------------------------
[2024-06-18 19:56:01] [RANGEFINDER] Mode_t:LAND, yaw_max:0.019632, yaw_min:-2.751988, roll_max: 0.459427, roll_min:-1.247116, pitch_max:0.140419, pitch_min: -0.009075
[2024-06-18 19:56:01] P values [-1, -1, 1, -1, 0, 0, 0, 0, 0, 0, 0, 0, 0, 0, 0, 0, 0, 0, 0, 0, 0, 0, 0, 0, 0, 0, 0, 0, 0, 0]
[2024-06-18 19:56:01] # [Change_parameter()] selected params: FS_THR_VALUE
[2024-06-18 19:56:01] # [Change_parameter()] selected params: FS_THR_VALUE, min: 925.000000, max: 1100.000000, random digit param value:929
[2024-06-18 19:56:01] # Required minimum throttle is 956
#---------------------------------A.RANGEFINDER-------------------------------------------
[Distance] P1: -1.000000 P2: -1.000000 P3: 1.000000 
[2024-06-18 19:56:08] [Distance] Global distance: 1.000000
#-----------------------------------------------------------------------------
[2024-06-18 19:56:08] [RANGEFINDER] Mode_t:LAND, yaw_max:0.019632, yaw_min:-2.751988, roll_max: 0.459427, roll_min:-1.247116, pitch_max:0.140419, pitch_min: -0.009075
[2024-06-18 19:56:08] P values [-1, -1, 1, -1, 0, 0, 0, 0, 0, 0, 0, 0, 0, 0, 0, 0, 0, 0, 0, 0, 0, 0, 0, 0, 0, 0, 0, 0, 0, 0]
[2024-06-18 19:56:08] [Debug] drone_status:4
[2024-06-18 19:56:08] Incrementing the status_ctr
[2024-06-18 19:56:08] ### Next round (32) for fuzzing commands. ###
#---------------------------------A.RANGEFINDER-------------------------------------------
[Distance] P1: -1.000000 P2: -1.000000 P3: 1.000000 
[2024-06-18 19:56:08] [Distance] Global distance: 1.000000
#-----------------------------------------------------------------------------
[2024-06-18 19:56:08] [RANGEFINDER] Mode_t:LAND, yaw_max:0.019632, yaw_min:-2.751988, roll_max: 0.459427, roll_min:-1.247116, pitch_max:0.140419, pitch_min: -0.009075
[2024-06-18 19:56:08] P values [-1, -1, 1, -1, 0, 0, 0, 0, 0, 0, 0, 0, 0, 0, 0, 0, 0, 0, 0, 0, 0, 0, 0, 0, 0, 0, 0, 0, 0, 0]
[2024-06-18 19:56:08] Generated random msgs for rangefinder
[2024-06-18 19:56:09] [status_text] EKF3 lane switch 0
[2024-06-18 19:56:09] [status_text] EKF primary changed:0
#---------------------------------A.RANGEFINDER-------------------------------------------
[Distance] P1: -1.000000 P2: -1.000000 P3: 1.000000 
[2024-06-18 19:56:12] [Distance] Global distance: 1.000000
#-----------------------------------------------------------------------------
[2024-06-18 19:56:12] [RANGEFINDER] Mode_t:LAND, yaw_max:0.019632, yaw_min:-2.751988, roll_max: 0.459427, roll_min:-1.247116, pitch_max:0.140419, pitch_min: -0.009075
[2024-06-18 19:56:12] P values [-1, -1, 1, -1, 0, 0, 0, 0, 0, 0, 0, 0, 0, 0, 0, 0, 0, 0, 0, 0, 0, 0, 0, 0, 0, 0, 0, 0, 0, 0]
[2024-06-18 19:56:12] [Debug] drone_status:4
[2024-06-18 19:56:12] Incrementing the status_ctr
[2024-06-18 19:56:12] ### Next round (33) for fuzzing commands. ###
#---------------------------------A.RANGEFINDER-------------------------------------------
[Distance] P1: -1.000000 P2: -1.000000 P3: 1.000000 
[2024-06-18 19:56:12] [Distance] Global distance: 1.000000
#-----------------------------------------------------------------------------
[2024-06-18 19:56:12] [RANGEFINDER] Mode_t:LAND, yaw_max:0.019632, yaw_min:-2.751988, roll_max: 0.459427, roll_min:-1.247116, pitch_max:0.140419, pitch_min: -0.009075
[2024-06-18 19:56:12] P values [-1, -1, 1, -1, 0, 0, 0, 0, 0, 0, 0, 0, 0, 0, 0, 0, 0, 0, 0, 0, 0, 0, 0, 0, 0, 0, 0, 0, 0, 0]
[2024-06-18 19:56:12] [Execute_env] (SIM_PIN_MASK, 13.8110859612)
#---------------------------------A.RANGEFINDER-------------------------------------------
[Distance] P1: -1.000000 P2: -1.000000 P3: 1.000000 
[2024-06-18 19:56:16] [Distance] Global distance: 1.000000
#-----------------------------------------------------------------------------
[2024-06-18 19:56:16] [RANGEFINDER] Mode_t:LAND, yaw_max:0.019632, yaw_min:-2.751988, roll_max: 0.459427, roll_min:-1.247116, pitch_max:0.140419, pitch_min: -0.009075
[2024-06-18 19:56:16] P values [-1, -1, 1, -1, 0, 0, 0, 0, 0, 0, 0, 0, 0, 0, 0, 0, 0, 0, 0, 0, 0, 0, 0, 0, 0, 0, 0, 0, 0, 0]
[2024-06-18 19:56:16] [Debug] drone_status:4
[2024-06-18 19:56:16] Incrementing the status_ctr
[2024-06-18 19:56:16] ### Next round (34) for fuzzing commands. ###
#---------------------------------A.RANGEFINDER-------------------------------------------
[Distance] P1: -1.000000 P2: -1.000000 P3: 1.000000 
[2024-06-18 19:56:16] [Distance] Global distance: 1.000000
#-----------------------------------------------------------------------------
[2024-06-18 19:56:16] [RANGEFINDER] Mode_t:LAND, yaw_max:0.019632, yaw_min:-2.751988, roll_max: 0.459427, roll_min:-1.247116, pitch_max:0.140419, pitch_min: -0.009075
[2024-06-18 19:56:16] P values [-1, -1, 1, -1, 0, 0, 0, 0, 0, 0, 0, 0, 0, 0, 0, 0, 0, 0, 0, 0, 0, 0, 0, 0, 0, 0, 0, 0, 0, 0]
[2024-06-18 19:56:16] # [Change_parameter()] selected params: ATC_ANG_LIM_TC
[2024-06-18 19:56:16] # [Change_parameter()] selected params: ATC_ANG_LIM_TC, min: 0.500000, max: 10.000000, random real param value:6.360407
[2024-06-18 19:56:19] [status_text] EKF3 lane switch 1
[2024-06-18 19:56:19] [status_text] EKF primary changed:1
#---------------------------------A.RANGEFINDER-------------------------------------------
[Distance] P1: -1.000000 P2: -1.000000 P3: 1.000000 
[2024-06-18 19:56:23] [Distance] Global distance: 1.000000
#-----------------------------------------------------------------------------
[2024-06-18 19:56:23] [RANGEFINDER] Mode_t:LAND, yaw_max:0.019632, yaw_min:-2.751988, roll_max: 0.459427, roll_min:-1.247116, pitch_max:0.140419, pitch_min: -0.009075
[2024-06-18 19:56:23] P values [-1, -1, 1, -1, 0, 0, 0, 0, 0, 0, 0, 0, 0, 0, 0, 0, 0, 0, 0, 0, 0, 0, 0, 0, 0, 0, 0, 0, 0, 0]
[2024-06-18 19:56:23] [Debug] drone_status:4
[2024-06-18 19:56:23] Incrementing the status_ctr
[2024-06-18 19:56:23] ### Next round (35) for fuzzing commands. ###
#---------------------------------A.RANGEFINDER-------------------------------------------
[Distance] P1: -1.000000 P2: -1.000000 P3: 1.000000 
[2024-06-18 19:56:23] [Distance] Global distance: 1.000000
#-----------------------------------------------------------------------------
[2024-06-18 19:56:23] [RANGEFINDER] Mode_t:LAND, yaw_max:0.019632, yaw_min:-2.751988, roll_max: 0.459427, roll_min:-1.247116, pitch_max:0.140419, pitch_min: -0.009075
[2024-06-18 19:56:23] P values [-1, -1, 1, -1, 0, 0, 0, 0, 0, 0, 0, 0, 0, 0, 0, 0, 0, 0, 0, 0, 0, 0, 0, 0, 0, 0, 0, 0, 0, 0]
[2024-06-18 19:56:23] # [Change_parameter()] selected params: ATC_RAT_RLL_FLTD
[2024-06-18 19:56:23] # [Change_parameter()] selected params: ATC_RAT_RLL_FLTD, min: 5.000000, max: 100.000000, random digit param value:27
[2024-06-18 19:56:29] [status_text] EKF3 lane switch 0
[2024-06-18 19:56:29] [status_text] EKF primary changed:0
#---------------------------------A.RANGEFINDER-------------------------------------------
[Distance] P1: -1.000000 P2: -1.000000 P3: 1.000000 
[2024-06-18 19:56:30] [Distance] Global distance: 1.000000
#-----------------------------------------------------------------------------
[2024-06-18 19:56:30] [RANGEFINDER] Mode_t:LAND, yaw_max:0.019632, yaw_min:-2.751988, roll_max: 0.459427, roll_min:-1.247116, pitch_max:0.140419, pitch_min: -0.009075
[2024-06-18 19:56:30] P values [-1, -1, 1, -1, 0, 0, 0, 0, 0, 0, 0, 0, 0, 0, 0, 0, 0, 0, 0, 0, 0, 0, 0, 0, 0, 0, 0, 0, 0, 0]
[2024-06-18 19:56:30] [Debug] drone_status:4
[2024-06-18 19:56:30] Incrementing the status_ctr
[2024-06-18 19:56:30] ### Next round (36) for fuzzing commands. ###
#---------------------------------A.RANGEFINDER-------------------------------------------
[Distance] P1: -1.000000 P2: -1.000000 P3: 1.000000 
[2024-06-18 19:56:30] [Distance] Global distance: 1.000000
#-----------------------------------------------------------------------------
[2024-06-18 19:56:30] [RANGEFINDER] Mode_t:LAND, yaw_max:0.019632, yaw_min:-2.751988, roll_max: 0.459427, roll_min:-1.247116, pitch_max:0.140419, pitch_min: -0.009075
[2024-06-18 19:56:30] P values [-1, -1, 1, -1, 0, 0, 0, 0, 0, 0, 0, 0, 0, 0, 0, 0, 0, 0, 0, 0, 0, 0, 0, 0, 0, 0, 0, 0, 0, 0]
[2024-06-18 19:56:30] Generated random msgs for rangefinder
#---------------------------------A.RANGEFINDER-------------------------------------------
[Distance] P1: -1.000000 P2: -1.000000 P3: 1.000000 
[2024-06-18 19:56:34] [Distance] Global distance: 1.000000
#-----------------------------------------------------------------------------
[2024-06-18 19:56:34] [RANGEFINDER] Mode_t:LAND, yaw_max:0.019632, yaw_min:-2.751988, roll_max: 0.459427, roll_min:-1.247116, pitch_max:0.140419, pitch_min: -0.009075
[2024-06-18 19:56:34] P values [-1, -1, 1, -1, 0, 0, 0, 0, 0, 0, 0, 0, 0, 0, 0, 0, 0, 0, 0, 0, 0, 0, 0, 0, 0, 0, 0, 0, 0, 0]
[2024-06-18 19:56:34] [Debug] drone_status:4
[2024-06-18 19:56:34] Incrementing the status_ctr
[2024-06-18 19:56:34] ### Next round (37) for fuzzing commands. ###
#---------------------------------A.RANGEFINDER-------------------------------------------
[Distance] P1: -1.000000 P2: -1.000000 P3: 1.000000 
[2024-06-18 19:56:34] [Distance] Global distance: 1.000000
#-----------------------------------------------------------------------------
[2024-06-18 19:56:34] [RANGEFINDER] Mode_t:LAND, yaw_max:0.019632, yaw_min:-2.751988, roll_max: 0.459427, roll_min:-1.247116, pitch_max:0.140419, pitch_min: -0.009075
[2024-06-18 19:56:34] P values [-1, -1, 1, -1, 0, 0, 0, 0, 0, 0, 0, 0, 0, 0, 0, 0, 0, 0, 0, 0, 0, 0, 0, 0, 0, 0, 0, 0, 0, 0]
[2024-06-18 19:56:34] # [Change_parameter()] selected params: MOT_SLEW_DN_TIME
[2024-06-18 19:56:34] # [Change_parameter()] selected params: MOT_SLEW_DN_TIME, min: 0.000000, max: 0.500000, random real param value:0.268175
[2024-06-18 19:56:39] [status_text] SIM Hit ground at 1.055486 m/s
[2024-06-18 19:56:40] [status_text] EKF3 lane switch 1
[2024-06-18 19:56:40] [status_text] EKF primary changed:1
#---------------------------------A.RANGEFINDER-------------------------------------------
[Distance] P1: -1.000000 P2: -1.000000 P3: 1.000000 
[2024-06-18 19:56:41] [Distance] Global distance: 1.000000
#-----------------------------------------------------------------------------
[2024-06-18 19:56:41] [RANGEFINDER] Mode_t:LAND, yaw_max:0.019632, yaw_min:-2.751988, roll_max: 0.459427, roll_min:-1.247116, pitch_max:0.140419, pitch_min: -0.009075
[2024-06-18 19:56:41] P values [-1, -1, 1, -1, 0, 0, 0, 0, 0, 0, 0, 0, 0, 0, 0, 0, 0, 0, 0, 0, 0, 0, 0, 0, 0, 0, 0, 0, 0, 0]
[2024-06-18 19:56:41] [Debug] drone_status:4
[2024-06-18 19:56:41] Incrementing the status_ctr
[2024-06-18 19:56:41] ### Next round (38) for fuzzing commands. ###
#---------------------------------A.RANGEFINDER-------------------------------------------
[Distance] P1: -1.000000 P2: -1.000000 P3: 1.000000 
[2024-06-18 19:56:41] [Distance] Global distance: 1.000000
#-----------------------------------------------------------------------------
[2024-06-18 19:56:41] [RANGEFINDER] Mode_t:LAND, yaw_max:0.019632, yaw_min:-2.751988, roll_max: 0.459427, roll_min:-1.247116, pitch_max:0.140419, pitch_min: -0.009075
[2024-06-18 19:56:41] P values [-1, -1, 1, -1, 0, 0, 0, 0, 0, 0, 0, 0, 0, 0, 0, 0, 0, 0, 0, 0, 0, 0, 0, 0, 0, 0, 0, 0, 0, 0]
[2024-06-18 19:56:41] [Execute_cmd] (MAV_CMD_DO_CANCEL_MAG_CAL, 31,57,95,60,3,42,17)
#---------------------------------A.RANGEFINDER-------------------------------------------
[Distance] P1: -1.000000 P2: -1.000000 P3: 1.000000 
[2024-06-18 19:56:45] [Distance] Global distance: 1.000000
#-----------------------------------------------------------------------------
[2024-06-18 19:56:45] [RANGEFINDER] Mode_t:LAND, yaw_max:0.019632, yaw_min:-2.751988, roll_max: 0.459427, roll_min:-1.247116, pitch_max:0.140419, pitch_min: -0.009075
[2024-06-18 19:56:45] P values [-1, -1, 1, -1, 0, 0, 0, 0, 0, 0, 0, 0, 0, 0, 0, 0, 0, 0, 0, 0, 0, 0, 0, 0, 0, 0, 0, 0, 0, 0]
[2024-06-18 19:56:45] [Debug] drone_status:4
[2024-06-18 19:56:45] Incrementing the status_ctr
[2024-06-18 19:56:45] ### Next round (39) for fuzzing commands. ###
#---------------------------------A.RANGEFINDER-------------------------------------------
[Distance] P1: -1.000000 P2: -1.000000 P3: 1.000000 
[2024-06-18 19:56:45] [Distance] Global distance: 1.000000
#-----------------------------------------------------------------------------
[2024-06-18 19:56:45] [RANGEFINDER] Mode_t:LAND, yaw_max:0.019632, yaw_min:-2.751988, roll_max: 0.459427, roll_min:-1.247116, pitch_max:0.140419, pitch_min: -0.009075
[2024-06-18 19:56:45] P values [-1, -1, 1, -1, 0, 0, 0, 0, 0, 0, 0, 0, 0, 0, 0, 0, 0, 0, 0, 0, 0, 0, 0, 0, 0, 0, 0, 0, 0, 0]
[2024-06-18 19:56:45] [Execute_env] (SIM_GPS_NOISE, 95.699476376)
#---------------------------------A.RANGEFINDER-------------------------------------------
[Distance] P1: -1.000000 P2: -1.000000 P3: 1.000000 
[2024-06-18 19:56:49] [Distance] Global distance: 1.000000
#-----------------------------------------------------------------------------
[2024-06-18 19:56:49] [RANGEFINDER] Mode_t:LAND, yaw_max:0.019632, yaw_min:-2.751988, roll_max: 0.459427, roll_min:-1.247116, pitch_max:0.140419, pitch_min: -0.009075
[2024-06-18 19:56:49] P values [-1, -1, 1, -1, 0, 0, 0, 0, 0, 0, 0, 0, 0, 0, 0, 0, 0, 0, 0, 0, 0, 0, 0, 0, 0, 0, 0, 0, 0, 0]
[2024-06-18 19:56:49] [Debug] drone_status:4
[2024-06-18 19:56:49] Incrementing the status_ctr
[2024-06-18 19:56:49] ### Next round (40) for fuzzing commands. ###
#---------------------------------A.RANGEFINDER-------------------------------------------
[Distance] P1: -1.000000 P2: -1.000000 P3: 1.000000 
[2024-06-18 19:56:49] [Distance] Global distance: 1.000000
#-----------------------------------------------------------------------------
[2024-06-18 19:56:49] [RANGEFINDER] Mode_t:LAND, yaw_max:0.019632, yaw_min:-2.751988, roll_max: 0.459427, roll_min:-1.247116, pitch_max:0.140419, pitch_min: -0.009075
[2024-06-18 19:56:49] P values [-1, -1, 1, -1, 0, 0, 0, 0, 0, 0, 0, 0, 0, 0, 0, 0, 0, 0, 0, 0, 0, 0, 0, 0, 0, 0, 0, 0, 0, 0]
[2024-06-18 19:56:49] # [Change_parameter()] selected params: ATC_RAT_RLL_I
[2024-06-18 19:56:49] # [Change_parameter()] selected params: ATC_RAT_RLL_I, min: 0.010000, max: 2.000000, random real param value:1.810484
[2024-06-18 19:56:51] [status_text] EKF3 lane switch 0
[2024-06-18 19:56:51] [status_text] EKF primary changed:0
#---------------------------------A.RANGEFINDER-------------------------------------------
[Distance] P1: -1.000000 P2: -1.000000 P3: 1.000000 
[2024-06-18 19:56:56] [Distance] Global distance: 1.000000
#-----------------------------------------------------------------------------
[2024-06-18 19:56:56] [RANGEFINDER] Mode_t:LAND, yaw_max:0.019632, yaw_min:-2.751988, roll_max: 0.459427, roll_min:-1.247116, pitch_max:0.140419, pitch_min: -0.009075
[2024-06-18 19:56:56] P values [-1, -1, 1, -1, 0, 0, 0, 0, 0, 0, 0, 0, 0, 0, 0, 0, 0, 0, 0, 0, 0, 0, 0, 0, 0, 0, 0, 0, 0, 0]
[2024-06-18 19:56:56] [Debug] drone_status:4
[2024-06-18 19:56:56] Incrementing the status_ctr
[2024-06-18 19:56:56] ### Next round (41) for fuzzing commands. ###
#---------------------------------A.RANGEFINDER-------------------------------------------
[Distance] P1: -1.000000 P2: -1.000000 P3: 1.000000 
[2024-06-18 19:56:56] [Distance] Global distance: 1.000000
#-----------------------------------------------------------------------------
[2024-06-18 19:56:56] [RANGEFINDER] Mode_t:LAND, yaw_max:0.019632, yaw_min:-2.751988, roll_max: 0.459427, roll_min:-1.247116, pitch_max:0.140419, pitch_min: -0.009075
[2024-06-18 19:56:56] P values [-1, -1, 1, -1, 0, 0, 0, 0, 0, 0, 0, 0, 0, 0, 0, 0, 0, 0, 0, 0, 0, 0, 0, 0, 0, 0, 0, 0, 0, 0]
[2024-06-18 19:56:56] # [Change_parameter()] selected params: ATC_RAT_RLL_FLTD
[2024-06-18 19:56:56] # [Change_parameter()] selected params: ATC_RAT_RLL_FLTD, min: 0.000000, max: 50.000000, random digit param value:26
[2024-06-18 19:57:01] [status_text] EKF3 lane switch 1
[2024-06-18 19:57:01] [status_text] EKF primary changed:1
#---------------------------------A.RANGEFINDER-------------------------------------------
[Distance] P1: -1.000000 P2: -1.000000 P3: 1.000000 
[2024-06-18 19:57:03] [Distance] Global distance: 1.000000
#-----------------------------------------------------------------------------
[2024-06-18 19:57:03] [RANGEFINDER] Mode_t:LAND, yaw_max:0.019632, yaw_min:-2.751988, roll_max: 0.459427, roll_min:-1.247116, pitch_max:0.140419, pitch_min: -0.009075
[2024-06-18 19:57:03] P values [-1, -1, 1, -1, 0, 0, 0, 0, 0, 0, 0, 0, 0, 0, 0, 0, 0, 0, 0, 0, 0, 0, 0, 0, 0, 0, 0, 0, 0, 0]
[2024-06-18 19:57:03] [Debug] drone_status:4
[2024-06-18 19:57:03] Incrementing the status_ctr
[2024-06-18 19:57:03] ### Next round (42) for fuzzing commands. ###
#---------------------------------A.RANGEFINDER-------------------------------------------
[Distance] P1: -1.000000 P2: -1.000000 P3: 1.000000 
[2024-06-18 19:57:03] [Distance] Global distance: 1.000000
#-----------------------------------------------------------------------------
[2024-06-18 19:57:03] [RANGEFINDER] Mode_t:LAND, yaw_max:0.019632, yaw_min:-2.751988, roll_max: 0.459427, roll_min:-1.247116, pitch_max:0.140419, pitch_min: -0.009075
[2024-06-18 19:57:03] P values [-1, -1, 1, -1, 0, 0, 0, 0, 0, 0, 0, 0, 0, 0, 0, 0, 0, 0, 0, 0, 0, 0, 0, 0, 0, 0, 0, 0, 0, 0]
[2024-06-18 19:57:03] [Execute_env] (SIM_GRPE_ENABLE, 82.1504716336)
#---------------------------------A.RANGEFINDER-------------------------------------------
[Distance] P1: -1.000000 P2: -1.000000 P3: 1.000000 
[2024-06-18 19:57:07] [Distance] Global distance: 1.000000
#-----------------------------------------------------------------------------
[2024-06-18 19:57:07] [RANGEFINDER] Mode_t:LAND, yaw_max:0.019632, yaw_min:-2.751988, roll_max: 0.459427, roll_min:-1.247116, pitch_max:0.140419, pitch_min: -0.009075
[2024-06-18 19:57:07] P values [-1, -1, 1, -1, 0, 0, 0, 0, 0, 0, 0, 0, 0, 0, 0, 0, 0, 0, 0, 0, 0, 0, 0, 0, 0, 0, 0, 0, 0, 0]
[2024-06-18 19:57:07] [Debug] drone_status:4
[2024-06-18 19:57:07] Incrementing the status_ctr
[2024-06-18 19:57:07] ### Next round (43) for fuzzing commands. ###
#---------------------------------A.RANGEFINDER-------------------------------------------
[Distance] P1: -1.000000 P2: -1.000000 P3: 1.000000 
[2024-06-18 19:57:07] [Distance] Global distance: 1.000000
#-----------------------------------------------------------------------------
[2024-06-18 19:57:07] [RANGEFINDER] Mode_t:LAND, yaw_max:0.019632, yaw_min:-2.751988, roll_max: 0.459427, roll_min:-1.247116, pitch_max:0.140419, pitch_min: -0.009075
[2024-06-18 19:57:07] P values [-1, -1, 1, -1, 0, 0, 0, 0, 0, 0, 0, 0, 0, 0, 0, 0, 0, 0, 0, 0, 0, 0, 0, 0, 0, 0, 0, 0, 0, 0]
[2024-06-18 19:57:07] [Execute_env] (SIM_ACC_RND, 67.0279622278)
[2024-06-18 19:57:11] [status_text] EKF3 lane switch 0
[2024-06-18 19:57:11] [status_text] EKF primary changed:0
#---------------------------------A.RANGEFINDER-------------------------------------------
[Distance] P1: -1.000000 P2: -1.000000 P3: 1.000000 
[2024-06-18 19:57:11] [Distance] Global distance: 1.000000
#-----------------------------------------------------------------------------
[2024-06-18 19:57:11] [RANGEFINDER] Mode_t:LAND, yaw_max:0.019632, yaw_min:-2.751988, roll_max: 0.459427, roll_min:-1.247116, pitch_max:0.140419, pitch_min: -0.009075
[2024-06-18 19:57:11] P values [-1, -1, 1, -1, 0, 0, 0, 0, 0, 0, 0, 0, 0, 0, 0, 0, 0, 0, 0, 0, 0, 0, 0, 0, 0, 0, 0, 0, 0, 0]
[2024-06-18 19:57:11] [Debug] drone_status:4
[2024-06-18 19:57:11] Incrementing the status_ctr
[2024-06-18 19:57:11] ### Next round (44) for fuzzing commands. ###
#---------------------------------A.RANGEFINDER-------------------------------------------
[Distance] P1: -1.000000 P2: -1.000000 P3: 1.000000 
[2024-06-18 19:57:11] [Distance] Global distance: 1.000000
#-----------------------------------------------------------------------------
[2024-06-18 19:57:11] [RANGEFINDER] Mode_t:LAND, yaw_max:0.019632, yaw_min:-2.751988, roll_max: 0.459427, roll_min:-1.247116, pitch_max:0.140419, pitch_min: -0.009075
[2024-06-18 19:57:11] P values [-1, -1, 1, -1, 0, 0, 0, 0, 0, 0, 0, 0, 0, 0, 0, 0, 0, 0, 0, 0, 0, 0, 0, 0, 0, 0, 0, 0, 0, 0]
[2024-06-18 19:57:11] # [Change_parameter()] selected params: RNGFND_GAIN
[2024-06-18 19:57:11] # [Change_parameter()] selected params: RNGFND_GAIN, min: 0.010000, max: 2.000000, random real param value:1.461926
#---------------------------------A.RANGEFINDER-------------------------------------------
[Distance] P1: -1.000000 P2: -1.000000 P3: 1.000000 
[2024-06-18 19:57:19] [Distance] Global distance: 1.000000
#-----------------------------------------------------------------------------
[2024-06-18 19:57:19] [RANGEFINDER] Mode_t:LAND, yaw_max:0.019632, yaw_min:-2.751988, roll_max: 0.459427, roll_min:-1.247116, pitch_max:0.140419, pitch_min: -0.009075
[2024-06-18 19:57:19] P values [-1, -1, 1, -1, 0, 0, 0, 0, 0, 0, 0, 0, 0, 0, 0, 0, 0, 0, 0, 0, 0, 0, 0, 0, 0, 0, 0, 0, 0, 0]
[2024-06-18 19:57:19] [Debug] drone_status:4
[2024-06-18 19:57:19] Incrementing the status_ctr
[2024-06-18 19:57:19] ### Next round (45) for fuzzing commands. ###
#---------------------------------A.RANGEFINDER-------------------------------------------
[Distance] P1: -1.000000 P2: -1.000000 P3: 1.000000 
[2024-06-18 19:57:19] [Distance] Global distance: 1.000000
#-----------------------------------------------------------------------------
[2024-06-18 19:57:19] [RANGEFINDER] Mode_t:LAND, yaw_max:0.019632, yaw_min:-2.751988, roll_max: 0.459427, roll_min:-1.247116, pitch_max:0.140419, pitch_min: -0.009075
[2024-06-18 19:57:19] P values [-1, -1, 1, -1, 0, 0, 0, 0, 0, 0, 0, 0, 0, 0, 0, 0, 0, 0, 0, 0, 0, 0, 0, 0, 0, 0, 0, 0, 0, 0]
[2024-06-18 19:57:19] [Execute_cmd] (MAV_CMD_MISSION_START, 32,33,63,100,40,41,34)
[2024-06-18 19:57:19] [status_text] Flight mode change failed AUTO
[2024-06-18 19:57:21] [status_text] EKF3 lane switch 1
[2024-06-18 19:57:21] [status_text] EKF primary changed:1
#---------------------------------A.RANGEFINDER-------------------------------------------
[Distance] P1: -1.000000 P2: -1.000000 P3: 1.000000 
[2024-06-18 19:57:23] [Distance] Global distance: 1.000000
#-----------------------------------------------------------------------------
[2024-06-18 19:57:23] [RANGEFINDER] Mode_t:LAND, yaw_max:0.019632, yaw_min:-2.751988, roll_max: 0.459427, roll_min:-1.247116, pitch_max:0.140419, pitch_min: -0.009075
[2024-06-18 19:57:23] P values [-1, -1, 1, -1, 0, 0, 0, 0, 0, 0, 0, 0, 0, 0, 0, 0, 0, 0, 0, 0, 0, 0, 0, 0, 0, 0, 0, 0, 0, 0]
[2024-06-18 19:57:23] [Debug] drone_status:4
[2024-06-18 19:57:23] Incrementing the status_ctr
[2024-06-18 19:57:23] ### Next round (46) for fuzzing commands. ###
#---------------------------------A.RANGEFINDER-------------------------------------------
[Distance] P1: -1.000000 P2: -1.000000 P3: 1.000000 
[2024-06-18 19:57:23] [Distance] Global distance: 1.000000
#-----------------------------------------------------------------------------
[2024-06-18 19:57:23] [RANGEFINDER] Mode_t:LAND, yaw_max:0.019632, yaw_min:-2.751988, roll_max: 0.459427, roll_min:-1.247116, pitch_max:0.140419, pitch_min: -0.009075
[2024-06-18 19:57:23] P values [-1, -1, 1, -1, 0, 0, 0, 0, 0, 0, 0, 0, 0, 0, 0, 0, 0, 0, 0, 0, 0, 0, 0, 0, 0, 0, 0, 0, 0, 0]
[2024-06-18 19:57:23] [Execute_cmd] (Flight_Mode, 5)
#---------------------------------A.RANGEFINDER-------------------------------------------
[Distance] P1: 1.000000 P2: -1.000000 P3: 1.000000 
[2024-06-18 19:57:27] [Distance] Global distance: 1.000000
#-----------------------------------------------------------------------------
[2024-06-18 19:57:27] [*Distance*] propositional distance 1 is increased (input: Flight_Mode, 5)
[2024-06-18 19:57:27] [write_guidance_log] appending: Flight_Mode 5 1 2

[2024-06-18 19:57:27] [RANGEFINDER] Mode_t:LOITER, yaw_max:0.019632, yaw_min:-2.751988, roll_max: 0.459427, roll_min:-1.247116, pitch_max:0.140419, pitch_min: -0.009075
[2024-06-18 19:57:27] P values [1, -1, 1, -1, 0, 0, 0, 0, 0, 0, 0, 0, 0, 0, 0, 0, 0, 0, 0, 0, 0, 0, 0, 0, 0, 0, 0, 0, 0, 0]
[2024-06-18 19:57:27] [Debug] drone_status:4
[2024-06-18 19:57:27] Incrementing the status_ctr
[2024-06-18 19:57:27] ### Next round (47) for fuzzing commands. ###
#---------------------------------A.RANGEFINDER-------------------------------------------
[Distance] P1: 1.000000 P2: -1.000000 P3: 1.000000 
[2024-06-18 19:57:27] [Distance] Global distance: 1.000000
#-----------------------------------------------------------------------------
[2024-06-18 19:57:27] [RANGEFINDER] Mode_t:LOITER, yaw_max:0.019632, yaw_min:-2.751988, roll_max: 0.459427, roll_min:-1.247116, pitch_max:0.140419, pitch_min: -0.009075
[2024-06-18 19:57:27] P values [1, -1, 1, -1, 0, 0, 0, 0, 0, 0, 0, 0, 0, 0, 0, 0, 0, 0, 0, 0, 0, 0, 0, 0, 0, 0, 0, 0, 0, 0]
[2024-06-18 19:57:27] [Execute_cmd] (MAV_CMD_COMPONENT_ARM_DISARM, 17,69,35,37,13,37,34)
#---------------------------------A.RANGEFINDER-------------------------------------------
[Distance] P1: 1.000000 P2: -1.000000 P3: 1.000000 
[2024-06-18 19:57:31] [Distance] Global distance: 1.000000
#-----------------------------------------------------------------------------
[2024-06-18 19:57:31] [RANGEFINDER] Mode_t:LOITER, yaw_max:0.019632, yaw_min:-2.751988, roll_max: 0.459427, roll_min:-1.247116, pitch_max:0.140419, pitch_min: -0.009075
[2024-06-18 19:57:31] P values [1, -1, 1, -1, 0, 0, 0, 0, 0, 0, 0, 0, 0, 0, 0, 0, 0, 0, 0, 0, 0, 0, 0, 0, 0, 0, 0, 0, 0, 0]
[2024-06-18 19:57:31] [Debug] drone_status:4
[2024-06-18 19:57:31] Incrementing the status_ctr
[2024-06-18 19:57:31] ### Next round (48) for fuzzing commands. ###
#---------------------------------A.RANGEFINDER-------------------------------------------
[Distance] P1: 1.000000 P2: -1.000000 P3: 1.000000 
[2024-06-18 19:57:31] [Distance] Global distance: 1.000000
#-----------------------------------------------------------------------------
[2024-06-18 19:57:31] [RANGEFINDER] Mode_t:LOITER, yaw_max:0.019632, yaw_min:-2.751988, roll_max: 0.459427, roll_min:-1.247116, pitch_max:0.140419, pitch_min: -0.009075
[2024-06-18 19:57:31] P values [1, -1, 1, -1, 0, 0, 0, 0, 0, 0, 0, 0, 0, 0, 0, 0, 0, 0, 0, 0, 0, 0, 0, 0, 0, 0, 0, 0, 0, 0]
[2024-06-18 19:57:31] [Execute_cmd] (MAV_CMD_DO_GUIDED_LIMITS, 71,87,10,75,90,30,36)
[2024-06-18 19:57:32] [status_text] EKF3 lane switch 0
[2024-06-18 19:57:32] [status_text] EKF primary changed:0
#---------------------------------A.RANGEFINDER-------------------------------------------
[Distance] P1: 1.000000 P2: -1.000000 P3: 1.000000 
[2024-06-18 19:57:35] [Distance] Global distance: 1.000000
#-----------------------------------------------------------------------------
[2024-06-18 19:57:35] [RANGEFINDER] Mode_t:LOITER, yaw_max:0.019632, yaw_min:-2.751988, roll_max: 0.459427, roll_min:-1.247116, pitch_max:0.140419, pitch_min: -0.009075
[2024-06-18 19:57:35] P values [1, -1, 1, -1, 0, 0, 0, 0, 0, 0, 0, 0, 0, 0, 0, 0, 0, 0, 0, 0, 0, 0, 0, 0, 0, 0, 0, 0, 0, 0]
[2024-06-18 19:57:35] [Debug] drone_status:4
[2024-06-18 19:57:35] Incrementing the status_ctr
[2024-06-18 19:57:35] ### Next round (49) for fuzzing commands. ###
#---------------------------------A.RANGEFINDER-------------------------------------------
[Distance] P1: 1.000000 P2: -1.000000 P3: 1.000000 
[2024-06-18 19:57:35] [Distance] Global distance: 1.000000
#-----------------------------------------------------------------------------
[2024-06-18 19:57:35] [RANGEFINDER] Mode_t:LOITER, yaw_max:0.019632, yaw_min:-2.751988, roll_max: 0.459427, roll_min:-1.247116, pitch_max:0.140419, pitch_min: -0.009075
[2024-06-18 19:57:35] P values [1, -1, 1, -1, 0, 0, 0, 0, 0, 0, 0, 0, 0, 0, 0, 0, 0, 0, 0, 0, 0, 0, 0, 0, 0, 0, 0, 0, 0, 0]
[2024-06-18 19:57:35] # [Change_parameter()] selected params: ACRO_THR_MID
[2024-06-18 19:57:35] # [Change_parameter()] selected params: ACRO_THR_MID, min: 0.000000, max: 1.000000, random digit param value:0
#---------------------------------A.RANGEFINDER-------------------------------------------
[Distance] P1: 1.000000 P2: -1.000000 P3: 1.000000 
[2024-06-18 19:57:42] [Distance] Global distance: 1.000000
#-----------------------------------------------------------------------------
[2024-06-18 19:57:42] [RANGEFINDER] Mode_t:LOITER, yaw_max:1.362988, yaw_min:-2.751988, roll_max: 0.459427, roll_min:-1.247116, pitch_max:0.140419, pitch_min: -0.112280
[2024-06-18 19:57:42] P values [1, -1, 1, -1, 0, 0, 0, 0, 0, 0, 0, 0, 0, 0, 0, 0, 0, 0, 0, 0, 0, 0, 0, 0, 0, 0, 0, 0, 0, 0]
[2024-06-18 19:57:42] [Debug] drone_status:4
[2024-06-18 19:57:42] Incrementing the status_ctr
[2024-06-18 19:57:42] ### Next round (50) for fuzzing commands. ###
#---------------------------------A.RANGEFINDER-------------------------------------------
[Distance] P1: 1.000000 P2: -1.000000 P3: 1.000000 
[2024-06-18 19:57:42] [Distance] Global distance: 1.000000
#-----------------------------------------------------------------------------
[2024-06-18 19:57:42] [RANGEFINDER] Mode_t:LOITER, yaw_max:1.362988, yaw_min:-2.751988, roll_max: 0.459427, roll_min:-1.247116, pitch_max:0.140419, pitch_min: -0.112280
[2024-06-18 19:57:42] P values [1, -1, 1, -1, 0, 0, 0, 0, 0, 0, 0, 0, 0, 0, 0, 0, 0, 0, 0, 0, 0, 0, 0, 0, 0, 0, 0, 0, 0, 0]
[2024-06-18 19:57:42] Generated random msgs for rangefinder
[2024-06-18 19:57:42] [status_text] EKF3 lane switch 1
[2024-06-18 19:57:42] [status_text] EKF primary changed:1
[2024-06-18 19:57:43] [status_text] SIM Hit ground at 0.398009 m/s
#---------------------------------A.RANGEFINDER-------------------------------------------
[Distance] P1: 1.000000 P2: -1.000000 P3: 1.000000 
[2024-06-18 19:57:46] [Distance] Global distance: 1.000000
#-----------------------------------------------------------------------------
[2024-06-18 19:57:46] [RANGEFINDER] Mode_t:LOITER, yaw_max:1.362988, yaw_min:-2.751988, roll_max: 0.459427, roll_min:-1.247116, pitch_max:0.140419, pitch_min: -0.112280
[2024-06-18 19:57:46] P values [1, -1, 1, -1, 0, 0, 0, 0, 0, 0, 0, 0, 0, 0, 0, 0, 0, 0, 0, 0, 0, 0, 0, 0, 0, 0, 0, 0, 0, 0]
[2024-06-18 19:57:46] [Debug] drone_status:4
[2024-06-18 19:57:46] Incrementing the status_ctr
[2024-06-18 19:57:46] ### Next round (51) for fuzzing commands. ###
#---------------------------------A.RANGEFINDER-------------------------------------------
[Distance] P1: 1.000000 P2: -1.000000 P3: 1.000000 
[2024-06-18 19:57:46] [Distance] Global distance: 1.000000
#-----------------------------------------------------------------------------
[2024-06-18 19:57:46] [RANGEFINDER] Mode_t:LOITER, yaw_max:1.362988, yaw_min:-2.751988, roll_max: 0.459427, roll_min:-1.247116, pitch_max:0.140419, pitch_min: -0.112280
[2024-06-18 19:57:46] P values [1, -1, 1, -1, 0, 0, 0, 0, 0, 0, 0, 0, 0, 0, 0, 0, 0, 0, 0, 0, 0, 0, 0, 0, 0, 0, 0, 0, 0, 0]
[2024-06-18 19:57:46] [Execute_env] (SIM_ACC2_BIAS_Z, 85.0576837417)
[2024-06-18 19:57:47] [status_text] EKF3 IMU0 emergency yaw reset
[2024-06-18 19:57:47] [status_text] EKF3 lane switch 0
[2024-06-18 19:57:47] [status_text] EKF primary changed:0
#---------------------------------A.RANGEFINDER-------------------------------------------
[Distance] P1: 1.000000 P2: -1.000000 P3: 1.000000 
[2024-06-18 19:57:50] [Distance] Global distance: 1.000000
#-----------------------------------------------------------------------------
[2024-06-18 19:57:50] [RANGEFINDER] Mode_t:LOITER, yaw_max:4.459673, yaw_min:-2.751988, roll_max: 0.459427, roll_min:-1.247116, pitch_max:0.444269, pitch_min: -0.112280
[2024-06-18 19:57:50] P values [1, -1, 1, -1, 0, 0, 0, 0, 0, 0, 0, 0, 0, 0, 0, 0, 0, 0, 0, 0, 0, 0, 0, 0, 0, 0, 0, 0, 0, 0]
[2024-06-18 19:57:50] [Debug] drone_status:4
[2024-06-18 19:57:50] Incrementing the status_ctr
[2024-06-18 19:57:50] ### Next round (52) for fuzzing commands. ###
#---------------------------------A.RANGEFINDER-------------------------------------------
[Distance] P1: 1.000000 P2: -1.000000 P3: 1.000000 
[2024-06-18 19:57:50] [Distance] Global distance: 1.000000
#-----------------------------------------------------------------------------
[2024-06-18 19:57:50] [RANGEFINDER] Mode_t:LOITER, yaw_max:4.459673, yaw_min:-2.751988, roll_max: 0.459427, roll_min:-1.247116, pitch_max:0.444269, pitch_min: -0.112280
[2024-06-18 19:57:50] P values [1, -1, 1, -1, 0, 0, 0, 0, 0, 0, 0, 0, 0, 0, 0, 0, 0, 0, 0, 0, 0, 0, 0, 0, 0, 0, 0, 0, 0, 0]
[2024-06-18 19:57:50] # [Change_parameter()] selected params: ACRO_BAL_ROLL
[2024-06-18 19:57:50] # [Change_parameter()] selected params: ACRO_BAL_ROLL, min: 0.000000, max: 3.000000, random digit param value:2
#---------------------------------A.RANGEFINDER-------------------------------------------
[Distance] P1: 1.000000 P2: -1.000000 P3: 1.000000 
[2024-06-18 19:57:57] [Distance] Global distance: 1.000000
#-----------------------------------------------------------------------------
[2024-06-18 19:57:57] [RANGEFINDER] Mode_t:LOITER, yaw_max:4.459673, yaw_min:-10.407144, roll_max: 0.459427, roll_min:-1.247116, pitch_max:0.444269, pitch_min: -0.239162
[2024-06-18 19:57:57] P values [1, -1, 1, -1, 0, 0, 0, 0, 0, 0, 0, 0, 0, 0, 0, 0, 0, 0, 0, 0, 0, 0, 0, 0, 0, 0, 0, 0, 0, 0]
[2024-06-18 19:57:57] [Debug] drone_status:4
[2024-06-18 19:57:57] Incrementing the status_ctr
[2024-06-18 19:57:57] ### Next round (53) for fuzzing commands. ###
#---------------------------------A.RANGEFINDER-------------------------------------------
[Distance] P1: 1.000000 P2: -1.000000 P3: 1.000000 
[2024-06-18 19:57:57] [Distance] Global distance: 1.000000
#-----------------------------------------------------------------------------
[2024-06-18 19:57:57] [RANGEFINDER] Mode_t:LOITER, yaw_max:4.459673, yaw_min:-10.407144, roll_max: 0.459427, roll_min:-1.247116, pitch_max:0.444269, pitch_min: -0.239162
[2024-06-18 19:57:57] P values [1, -1, 1, -1, 0, 0, 0, 0, 0, 0, 0, 0, 0, 0, 0, 0, 0, 0, 0, 0, 0, 0, 0, 0, 0, 0, 0, 0, 0, 0]
[2024-06-18 19:57:57] Generated random msgs for rangefinder
[2024-06-18 19:57:57] [status_text] EKF3 IMU1 switching to compass 1
#---------------------------------A.RANGEFINDER-------------------------------------------
[Distance] P1: 1.000000 P2: -1.000000 P3: 1.000000 
[2024-06-18 19:58:01] [Distance] Global distance: 1.000000
#-----------------------------------------------------------------------------
[2024-06-18 19:58:01] [RANGEFINDER] Mode_t:LOITER, yaw_max:4.459673, yaw_min:-10.407144, roll_max: 0.459427, roll_min:-1.247116, pitch_max:0.444269, pitch_min: -0.239162
[2024-06-18 19:58:01] P values [1, -1, 1, -1, 0, 0, 0, 0, 0, 0, 0, 0, 0, 0, 0, 0, 0, 0, 0, 0, 0, 0, 0, 0, 0, 0, 0, 0, 0, 0]
[2024-06-18 19:58:01] [Debug] drone_status:4
[2024-06-18 19:58:01] Incrementing the status_ctr
[2024-06-18 19:58:01] ### Next round (54) for fuzzing commands. ###
#---------------------------------A.RANGEFINDER-------------------------------------------
[Distance] P1: 1.000000 P2: -1.000000 P3: 1.000000 
[2024-06-18 19:58:01] [Distance] Global distance: 1.000000
#-----------------------------------------------------------------------------
[2024-06-18 19:58:01] [RANGEFINDER] Mode_t:LOITER, yaw_max:4.459673, yaw_min:-10.407144, roll_max: 0.459427, roll_min:-1.247116, pitch_max:0.444269, pitch_min: -0.239162
[2024-06-18 19:58:01] P values [1, -1, 1, -1, 0, 0, 0, 0, 0, 0, 0, 0, 0, 0, 0, 0, 0, 0, 0, 0, 0, 0, 0, 0, 0, 0, 0, 0, 0, 0]
[2024-06-18 19:58:01] # [Change_parameter()] selected params: GND_ALT_OFFSET
[2024-06-18 19:58:01] [param] selected params: GND_ALT_OFFSET, there is no min of valid range, random param value:732
#---------------------------------A.RANGEFINDER-------------------------------------------
[Distance] P1: 1.000000 P2: -1.000000 P3: 1.000000 
[2024-06-18 19:58:08] [Distance] Global distance: 1.000000
#-----------------------------------------------------------------------------
[2024-06-18 19:58:08] [RANGEFINDER] Mode_t:LOITER, yaw_max:5.959116, yaw_min:-10.407144, roll_max: 0.459427, roll_min:-1.247116, pitch_max:0.444269, pitch_min: -0.239162
[2024-06-18 19:58:08] P values [1, -1, 1, -1, 0, 0, 0, 0, 0, 0, 0, 0, 0, 0, 0, 0, 0, 0, 0, 0, 0, 0, 0, 0, 0, 0, 0, 0, 0, 0]
[2024-06-18 19:58:08] [Debug] drone_status:4
[2024-06-18 19:58:08] Incrementing the status_ctr
[2024-06-18 19:58:08] ### Next round (55) for fuzzing commands. ###
#---------------------------------A.RANGEFINDER-------------------------------------------
[Distance] P1: 1.000000 P2: -1.000000 P3: 1.000000 
[2024-06-18 19:58:08] [Distance] Global distance: 1.000000
#-----------------------------------------------------------------------------
[2024-06-18 19:58:08] [RANGEFINDER] Mode_t:LOITER, yaw_max:5.959116, yaw_min:-10.407144, roll_max: 0.459427, roll_min:-1.247116, pitch_max:0.444269, pitch_min: -0.239162
[2024-06-18 19:58:08] P values [1, -1, 1, -1, 0, 0, 0, 0, 0, 0, 0, 0, 0, 0, 0, 0, 0, 0, 0, 0, 0, 0, 0, 0, 0, 0, 0, 0, 0, 0]
[2024-06-18 19:58:08] # [Change_parameter()] selected params: ATC_ANG_LIM_TC
[2024-06-18 19:58:08] # [Change_parameter()] selected params: ATC_ANG_LIM_TC, min: 0.500000, max: 10.000000, random real param value:6.927816
[2024-06-18 19:58:14] [status_text] EKF3 IMU1 switching to compass 2
#---------------------------------A.RANGEFINDER-------------------------------------------
[Distance] P1: 1.000000 P2: -1.000000 P3: 1.000000 
[2024-06-18 19:58:15] [Distance] Global distance: 1.000000
#-----------------------------------------------------------------------------
[2024-06-18 19:58:15] [RANGEFINDER] Mode_t:LOITER, yaw_max:10.296948, yaw_min:-10.407144, roll_max: 0.459427, roll_min:-1.247116, pitch_max:0.444269, pitch_min: -0.239162
[2024-06-18 19:58:15] P values [1, -1, 1, -1, 0, 0, 0, 0, 0, 0, 0, 0, 0, 0, 0, 0, 0, 0, 0, 0, 0, 0, 0, 0, 0, 0, 0, 0, 0, 0]
[2024-06-18 19:58:15] [Debug] drone_status:4
[2024-06-18 19:58:15] Incrementing the status_ctr
[2024-06-18 19:58:15] ### Next round (56) for fuzzing commands. ###
#---------------------------------A.RANGEFINDER-------------------------------------------
[Distance] P1: 1.000000 P2: -1.000000 P3: 1.000000 
[2024-06-18 19:58:15] [Distance] Global distance: 1.000000
#-----------------------------------------------------------------------------
[2024-06-18 19:58:15] [RANGEFINDER] Mode_t:LOITER, yaw_max:10.296948, yaw_min:-10.407144, roll_max: 0.459427, roll_min:-1.247116, pitch_max:0.444269, pitch_min: -0.239162
[2024-06-18 19:58:15] P values [1, -1, 1, -1, 0, 0, 0, 0, 0, 0, 0, 0, 0, 0, 0, 0, 0, 0, 0, 0, 0, 0, 0, 0, 0, 0, 0, 0, 0, 0]
[2024-06-18 19:58:15] [Execute_env] (SIM_ADSB_RADIUS, 26.3894196115)
#---------------------------------A.RANGEFINDER-------------------------------------------
[Distance] P1: 1.000000 P2: -1.000000 P3: 1.000000 
[2024-06-18 19:58:19] [Distance] Global distance: 1.000000
#-----------------------------------------------------------------------------
[2024-06-18 19:58:19] [RANGEFINDER] Mode_t:LOITER, yaw_max:10.296948, yaw_min:-11.248175, roll_max: 0.459427, roll_min:-1.247116, pitch_max:0.444269, pitch_min: -0.239162
[2024-06-18 19:58:19] P values [1, -1, 1, -1, 0, 0, 0, 0, 0, 0, 0, 0, 0, 0, 0, 0, 0, 0, 0, 0, 0, 0, 0, 0, 0, 0, 0, 0, 0, 0]
[2024-06-18 19:58:19] [Debug] drone_status:4
[2024-06-18 19:58:19] Incrementing the status_ctr
[2024-06-18 19:58:19] ### Next round (57) for fuzzing commands. ###
#---------------------------------A.RANGEFINDER-------------------------------------------
[Distance] P1: 1.000000 P2: -1.000000 P3: 1.000000 
[2024-06-18 19:58:19] [Distance] Global distance: 1.000000
#-----------------------------------------------------------------------------
[2024-06-18 19:58:19] [RANGEFINDER] Mode_t:LOITER, yaw_max:10.296948, yaw_min:-11.248175, roll_max: 0.459427, roll_min:-1.247116, pitch_max:0.444269, pitch_min: -0.239162
[2024-06-18 19:58:19] P values [1, -1, 1, -1, 0, 0, 0, 0, 0, 0, 0, 0, 0, 0, 0, 0, 0, 0, 0, 0, 0, 0, 0, 0, 0, 0, 0, 0, 0, 0]
[2024-06-18 19:58:19] # [Change_parameter()] selected params: EK2_ALT_SOURCE
[2024-06-18 19:58:19] # [Change_parameter()] selected params: EK2_ALT_SOURCE, min: 0.000000, max: 3.000000, random digit param value:0
#---------------------------------A.RANGEFINDER-------------------------------------------
[Distance] P1: 1.000000 P2: -1.000000 P3: 1.000000 
[2024-06-18 19:58:26] [Distance] Global distance: 1.000000
#-----------------------------------------------------------------------------
[2024-06-18 19:58:26] [RANGEFINDER] Mode_t:LOITER, yaw_max:10.296948, yaw_min:-11.248175, roll_max: 0.459427, roll_min:-1.247116, pitch_max:0.444269, pitch_min: -0.239162
[2024-06-18 19:58:26] P values [1, -1, 1, -1, 0, 0, 0, 0, 0, 0, 0, 0, 0, 0, 0, 0, 0, 0, 0, 0, 0, 0, 0, 0, 0, 0, 0, 0, 0, 0]
[2024-06-18 19:58:26] [Debug] drone_status:4
[2024-06-18 19:58:26] Incrementing the status_ctr
[2024-06-18 19:58:26] ### Next round (58) for fuzzing commands. ###
#---------------------------------A.RANGEFINDER-------------------------------------------
[Distance] P1: 1.000000 P2: -1.000000 P3: 1.000000 
[2024-06-18 19:58:26] [Distance] Global distance: 1.000000
#-----------------------------------------------------------------------------
[2024-06-18 19:58:26] [RANGEFINDER] Mode_t:LOITER, yaw_max:10.296948, yaw_min:-11.248175, roll_max: 0.459427, roll_min:-1.247116, pitch_max:0.444269, pitch_min: -0.239162
[2024-06-18 19:58:26] P values [1, -1, 1, -1, 0, 0, 0, 0, 0, 0, 0, 0, 0, 0, 0, 0, 0, 0, 0, 0, 0, 0, 0, 0, 0, 0, 0, 0, 0, 0]
[2024-06-18 19:58:26] # [Change_parameter()] selected params: ATC_RAT_RLL_FLTE
[2024-06-18 19:58:26] # [Change_parameter()] selected params: ATC_RAT_RLL_FLTE, min: 0.000000, max: 100.000000, random digit param value:31
[2024-06-18 19:58:29] [status_text] EKF3 IMU1 switching to compass 0
#---------------------------------A.RANGEFINDER-------------------------------------------
[Distance] P1: 1.000000 P2: -1.000000 P3: 1.000000 
[2024-06-18 19:58:33] [Distance] Global distance: 1.000000
#-----------------------------------------------------------------------------
[2024-06-18 19:58:33] [RANGEFINDER] Mode_t:LOITER, yaw_max:10.296948, yaw_min:-11.248175, roll_max: 0.459427, roll_min:-1.247116, pitch_max:0.444269, pitch_min: -0.239162
[2024-06-18 19:58:33] P values [1, -1, 1, -1, 0, 0, 0, 0, 0, 0, 0, 0, 0, 0, 0, 0, 0, 0, 0, 0, 0, 0, 0, 0, 0, 0, 0, 0, 0, 0]
[2024-06-18 19:58:33] [Debug] drone_status:4
[2024-06-18 19:58:33] Incrementing the status_ctr
[2024-06-18 19:58:33] ### Next round (59) for fuzzing commands. ###
#---------------------------------A.RANGEFINDER-------------------------------------------
[Distance] P1: 1.000000 P2: -1.000000 P3: 1.000000 
[2024-06-18 19:58:33] [Distance] Global distance: 1.000000
#-----------------------------------------------------------------------------
[2024-06-18 19:58:33] [RANGEFINDER] Mode_t:LOITER, yaw_max:10.296948, yaw_min:-11.248175, roll_max: 0.459427, roll_min:-1.247116, pitch_max:0.444269, pitch_min: -0.239162
[2024-06-18 19:58:33] P values [1, -1, 1, -1, 0, 0, 0, 0, 0, 0, 0, 0, 0, 0, 0, 0, 0, 0, 0, 0, 0, 0, 0, 0, 0, 0, 0, 0, 0, 0]
[2024-06-18 19:58:33] # [Change_parameter()] selected params: GND_PRIMARY
[2024-06-18 19:58:33] # [Change_parameter()] selected params: GND_PRIMARY, min: 0.000000, max: 2.000000, random digit param value:0
#---------------------------------A.RANGEFINDER-------------------------------------------
[Distance] P1: 1.000000 P2: -1.000000 P3: 1.000000 
[2024-06-18 19:58:40] [Distance] Global distance: 1.000000
#-----------------------------------------------------------------------------
[2024-06-18 19:58:40] [RANGEFINDER] Mode_t:LOITER, yaw_max:10.296948, yaw_min:-11.248175, roll_max: 0.459427, roll_min:-1.247116, pitch_max:0.444269, pitch_min: -0.239162
[2024-06-18 19:58:40] P values [1, -1, 1, -1, 0, 0, 0, 0, 0, 0, 0, 0, 0, 0, 0, 0, 0, 0, 0, 0, 0, 0, 0, 0, 0, 0, 0, 0, 0, 0]
[2024-06-18 19:58:40] [Debug] drone_status:4
[2024-06-18 19:58:40] Incrementing the status_ctr
[2024-06-18 19:58:40] ### Next round (60) for fuzzing commands. ###
#---------------------------------A.RANGEFINDER-------------------------------------------
[Distance] P1: 1.000000 P2: -1.000000 P3: 1.000000 
[2024-06-18 19:58:40] [Distance] Global distance: 1.000000
#-----------------------------------------------------------------------------
[2024-06-18 19:58:40] [RANGEFINDER] Mode_t:LOITER, yaw_max:10.296948, yaw_min:-11.248175, roll_max: 0.459427, roll_min:-1.247116, pitch_max:0.444269, pitch_min: -0.239162
[2024-06-18 19:58:40] P values [1, -1, 1, -1, 0, 0, 0, 0, 0, 0, 0, 0, 0, 0, 0, 0, 0, 0, 0, 0, 0, 0, 0, 0, 0, 0, 0, 0, 0, 0]
[2024-06-18 19:58:40] [Execute_cmd] (MAV_CMD_POWER_OFF_INITIATED, 55,85,54,76,71,56,85)
[2024-06-18 19:58:42] [status_text] EKF3 IMU1 switching to compass 1
#---------------------------------A.RANGEFINDER-------------------------------------------
[Distance] P1: 1.000000 P2: -1.000000 P3: 1.000000 
[2024-06-18 19:58:44] [Distance] Global distance: 1.000000
#-----------------------------------------------------------------------------
[2024-06-18 19:58:44] [RANGEFINDER] Mode_t:LOITER, yaw_max:10.296948, yaw_min:-11.248175, roll_max: 0.459427, roll_min:-1.247116, pitch_max:0.444269, pitch_min: -0.239162
[2024-06-18 19:58:44] P values [1, -1, 1, -1, 0, 0, 0, 0, 0, 0, 0, 0, 0, 0, 0, 0, 0, 0, 0, 0, 0, 0, 0, 0, 0, 0, 0, 0, 0, 0]
[2024-06-18 19:58:44] [Debug] drone_status:4
[2024-06-18 19:58:44] Incrementing the status_ctr
[2024-06-18 19:58:44] ### Next round (61) for fuzzing commands. ###
#---------------------------------A.RANGEFINDER-------------------------------------------
[Distance] P1: 1.000000 P2: -1.000000 P3: 1.000000 
[2024-06-18 19:58:44] [Distance] Global distance: 1.000000
#-----------------------------------------------------------------------------
[2024-06-18 19:58:44] [RANGEFINDER] Mode_t:LOITER, yaw_max:10.296948, yaw_min:-11.248175, roll_max: 0.459427, roll_min:-1.247116, pitch_max:0.444269, pitch_min: -0.239162
[2024-06-18 19:58:44] P values [1, -1, 1, -1, 0, 0, 0, 0, 0, 0, 0, 0, 0, 0, 0, 0, 0, 0, 0, 0, 0, 0, 0, 0, 0, 0, 0, 0, 0, 0]
[2024-06-18 19:58:44] [Execute_cmd] (MAV_CMD_DO_REPOSITION, 66,11,43,67,30,17,12)
#---------------------------------A.RANGEFINDER-------------------------------------------
[Distance] P1: 1.000000 P2: -1.000000 P3: 1.000000 
[2024-06-18 19:58:48] [Distance] Global distance: 1.000000
#-----------------------------------------------------------------------------
[2024-06-18 19:58:48] [RANGEFINDER] Mode_t:LOITER, yaw_max:10.296948, yaw_min:-11.248175, roll_max: 0.459427, roll_min:-1.247116, pitch_max:0.444269, pitch_min: -0.387759
[2024-06-18 19:58:48] P values [1, -1, 1, -1, 0, 0, 0, 0, 0, 0, 0, 0, 0, 0, 0, 0, 0, 0, 0, 0, 0, 0, 0, 0, 0, 0, 0, 0, 0, 0]
[2024-06-18 19:58:48] [Debug] drone_status:4
[2024-06-18 19:58:48] Incrementing the status_ctr
[2024-06-18 19:58:48] ### Next round (62) for fuzzing commands. ###
#---------------------------------A.RANGEFINDER-------------------------------------------
[Distance] P1: 1.000000 P2: -1.000000 P3: 1.000000 
[2024-06-18 19:58:48] [Distance] Global distance: 1.000000
#-----------------------------------------------------------------------------
[2024-06-18 19:58:48] [RANGEFINDER] Mode_t:LOITER, yaw_max:10.296948, yaw_min:-11.248175, roll_max: 0.459427, roll_min:-1.247116, pitch_max:0.444269, pitch_min: -0.387759
[2024-06-18 19:58:48] P values [1, -1, 1, -1, 0, 0, 0, 0, 0, 0, 0, 0, 0, 0, 0, 0, 0, 0, 0, 0, 0, 0, 0, 0, 0, 0, 0, 0, 0, 0]
[2024-06-18 19:58:48] # [Change_parameter()] selected params: EK3_ALT_SOURCE
[2024-06-18 19:58:48] # [Change_parameter()] selected params: EK3_ALT_SOURCE, min: 0.000000, max: 3.000000, random digit param value:2
#---------------------------------A.RANGEFINDER-------------------------------------------
[Distance] P1: 1.000000 P2: -1.000000 P3: 1.000000 
[2024-06-18 19:58:55] [Distance] Global distance: 1.000000
#-----------------------------------------------------------------------------
[2024-06-18 19:58:55] [RANGEFINDER] Mode_t:LOITER, yaw_max:10.296948, yaw_min:-11.248175, roll_max: 0.459427, roll_min:-1.247116, pitch_max:0.444269, pitch_min: -0.387759
[2024-06-18 19:58:55] P values [1, -1, 1, -1, 0, 0, 0, 0, 0, 0, 0, 0, 0, 0, 0, 0, 0, 0, 0, 0, 0, 0, 0, 0, 0, 0, 0, 0, 0, 0]
[2024-06-18 19:58:55] [Debug] drone_status:4
[2024-06-18 19:58:55] Incrementing the status_ctr
[2024-06-18 19:58:55] ### Next round (63) for fuzzing commands. ###
#---------------------------------A.RANGEFINDER-------------------------------------------
[Distance] P1: 1.000000 P2: -1.000000 P3: 1.000000 
[2024-06-18 19:58:55] [Distance] Global distance: 1.000000
#-----------------------------------------------------------------------------
[2024-06-18 19:58:55] [RANGEFINDER] Mode_t:LOITER, yaw_max:10.296948, yaw_min:-11.248175, roll_max: 0.459427, roll_min:-1.247116, pitch_max:0.444269, pitch_min: -0.387759
[2024-06-18 19:58:55] P values [1, -1, 1, -1, 0, 0, 0, 0, 0, 0, 0, 0, 0, 0, 0, 0, 0, 0, 0, 0, 0, 0, 0, 0, 0, 0, 0, 0, 0, 0]
[2024-06-18 19:58:55] [Execute_cmd] (MAV_CMD_DO_MOUNT_CONTROL, 61,45,24,69,25,49,77)
[2024-06-18 19:58:55] [status_text] EKF3 IMU1 switching to compass 2
#---------------------------------A.RANGEFINDER-------------------------------------------
[Distance] P1: 1.000000 P2: -1.000000 P3: 1.000000 
[2024-06-18 19:58:59] [Distance] Global distance: 1.000000
#-----------------------------------------------------------------------------
[2024-06-18 19:58:59] [RANGEFINDER] Mode_t:LOITER, yaw_max:10.296948, yaw_min:-11.248175, roll_max: 0.464206, roll_min:-1.247116, pitch_max:0.444269, pitch_min: -0.387759
[2024-06-18 19:58:59] P values [1, -1, 1, -1, 0, 0, 0, 0, 0, 0, 0, 0, 0, 0, 0, 0, 0, 0, 0, 0, 0, 0, 0, 0, 0, 0, 0, 0, 0, 0]
[2024-06-18 19:58:59] [Debug] drone_status:4
[2024-06-18 19:58:59] Incrementing the status_ctr
[2024-06-18 19:58:59] ### Next round (64) for fuzzing commands. ###
#---------------------------------A.RANGEFINDER-------------------------------------------
[Distance] P1: 1.000000 P2: -1.000000 P3: 1.000000 
[2024-06-18 19:58:59] [Distance] Global distance: 1.000000
#-----------------------------------------------------------------------------
[2024-06-18 19:58:59] [RANGEFINDER] Mode_t:LOITER, yaw_max:10.296948, yaw_min:-11.248175, roll_max: 0.464206, roll_min:-1.247116, pitch_max:0.444269, pitch_min: -0.387759
[2024-06-18 19:58:59] P values [1, -1, 1, -1, 0, 0, 0, 0, 0, 0, 0, 0, 0, 0, 0, 0, 0, 0, 0, 0, 0, 0, 0, 0, 0, 0, 0, 0, 0, 0]
[2024-06-18 19:58:59] # [Change_parameter()] selected params: ATC_ANG_RLL_P
[2024-06-18 19:58:59] # [Change_parameter()] selected params: ATC_ANG_RLL_P, min: 0.000000, max: 12.000000, random digit param value:4
#---------------------------------A.RANGEFINDER-------------------------------------------
[Distance] P1: 1.000000 P2: -1.000000 P3: 1.000000 
[2024-06-18 19:59:06] [Distance] Global distance: 1.000000
#-----------------------------------------------------------------------------
[2024-06-18 19:59:06] [RANGEFINDER] Mode_t:LOITER, yaw_max:10.296948, yaw_min:-11.248175, roll_max: 0.464206, roll_min:-1.247116, pitch_max:0.444269, pitch_min: -0.387759
[2024-06-18 19:59:06] P values [1, -1, 1, -1, 0, 0, 0, 0, 0, 0, 0, 0, 0, 0, 0, 0, 0, 0, 0, 0, 0, 0, 0, 0, 0, 0, 0, 0, 0, 0]
[2024-06-18 19:59:06] [Debug] drone_status:4
[2024-06-18 19:59:06] Incrementing the status_ctr
[2024-06-18 19:59:06] ### Next round (65) for fuzzing commands. ###
#---------------------------------A.RANGEFINDER-------------------------------------------
[Distance] P1: 1.000000 P2: -1.000000 P3: 1.000000 
[2024-06-18 19:59:06] [Distance] Global distance: 1.000000
#-----------------------------------------------------------------------------
[2024-06-18 19:59:06] [RANGEFINDER] Mode_t:LOITER, yaw_max:10.296948, yaw_min:-11.248175, roll_max: 0.464206, roll_min:-1.247116, pitch_max:0.444269, pitch_min: -0.387759
[2024-06-18 19:59:06] P values [1, -1, 1, -1, 0, 0, 0, 0, 0, 0, 0, 0, 0, 0, 0, 0, 0, 0, 0, 0, 0, 0, 0, 0, 0, 0, 0, 0, 0, 0]
[2024-06-18 19:59:06] Generated random msgs for rangefinder
[2024-06-18 19:59:08] [status_text] EKF3 IMU1 switching to compass 0
#---------------------------------A.RANGEFINDER-------------------------------------------
[Distance] P1: 1.000000 P2: -1.000000 P3: 1.000000 
[2024-06-18 19:59:10] [Distance] Global distance: 1.000000
#-----------------------------------------------------------------------------
[2024-06-18 19:59:10] [RANGEFINDER] Mode_t:LOITER, yaw_max:14.382742, yaw_min:-11.248175, roll_max: 0.464206, roll_min:-1.247116, pitch_max:0.444269, pitch_min: -0.387759
[2024-06-18 19:59:10] P values [1, -1, 1, -1, 0, 0, 0, 0, 0, 0, 0, 0, 0, 0, 0, 0, 0, 0, 0, 0, 0, 0, 0, 0, 0, 0, 0, 0, 0, 0]
[2024-06-18 19:59:10] [Debug] drone_status:4
[2024-06-18 19:59:10] Incrementing the status_ctr
[2024-06-18 19:59:10] ### Next round (66) for fuzzing commands. ###
#---------------------------------A.RANGEFINDER-------------------------------------------
[Distance] P1: 1.000000 P2: -1.000000 P3: 1.000000 
[2024-06-18 19:59:10] [Distance] Global distance: 1.000000
#-----------------------------------------------------------------------------
[2024-06-18 19:59:10] [RANGEFINDER] Mode_t:LOITER, yaw_max:14.382742, yaw_min:-11.248175, roll_max: 0.464206, roll_min:-1.247116, pitch_max:0.444269, pitch_min: -0.387759
[2024-06-18 19:59:10] P values [1, -1, 1, -1, 0, 0, 0, 0, 0, 0, 0, 0, 0, 0, 0, 0, 0, 0, 0, 0, 0, 0, 0, 0, 0, 0, 0, 0, 0, 0]
[2024-06-18 19:59:10] # [Change_parameter()] selected params: ATC_THR_MIX_MAN
[2024-06-18 19:59:10] # [Change_parameter()] selected params: ATC_THR_MIX_MAN, min: 0.100000, max: 0.900000, random real param value:0.638283
#---------------------------------A.RANGEFINDER-------------------------------------------
[Distance] P1: 1.000000 P2: -1.000000 P3: 1.000000 
[2024-06-18 19:59:17] [Distance] Global distance: 1.000000
#-----------------------------------------------------------------------------
[2024-06-18 19:59:17] [RANGEFINDER] Mode_t:LOITER, yaw_max:14.382742, yaw_min:-11.248175, roll_max: 0.464206, roll_min:-1.247116, pitch_max:0.444269, pitch_min: -0.387759
[2024-06-18 19:59:17] P values [1, -1, 1, -1, 0, 0, 0, 0, 0, 0, 0, 0, 0, 0, 0, 0, 0, 0, 0, 0, 0, 0, 0, 0, 0, 0, 0, 0, 0, 0]
[2024-06-18 19:59:17] [Debug] drone_status:4
[2024-06-18 19:59:17] Incrementing the status_ctr
[2024-06-18 19:59:17] ### Next round (67) for fuzzing commands. ###
#---------------------------------A.RANGEFINDER-------------------------------------------
[Distance] P1: 1.000000 P2: -1.000000 P3: 1.000000 
[2024-06-18 19:59:17] [Distance] Global distance: 1.000000
#-----------------------------------------------------------------------------
[2024-06-18 19:59:17] [RANGEFINDER] Mode_t:LOITER, yaw_max:14.382742, yaw_min:-11.248175, roll_max: 0.464206, roll_min:-1.247116, pitch_max:0.444269, pitch_min: -0.387759
[2024-06-18 19:59:17] P values [1, -1, 1, -1, 0, 0, 0, 0, 0, 0, 0, 0, 0, 0, 0, 0, 0, 0, 0, 0, 0, 0, 0, 0, 0, 0, 0, 0, 0, 0]
[2024-06-18 19:59:17] [Execute_cmd] (MAV_CMD_NAV_ALTITUDE_WAIT, 50,24,92,77,60,43,24)
[2024-06-18 19:59:20] [status_text] EKF3 IMU1 switching to compass 1
#---------------------------------A.RANGEFINDER-------------------------------------------
[Distance] P1: 1.000000 P2: -1.000000 P3: 1.000000 
[2024-06-18 19:59:21] [Distance] Global distance: 1.000000
#-----------------------------------------------------------------------------
[2024-06-18 19:59:21] [RANGEFINDER] Mode_t:LOITER, yaw_max:14.382742, yaw_min:-11.248175, roll_max: 0.464206, roll_min:-1.247116, pitch_max:0.444269, pitch_min: -0.387759
[2024-06-18 19:59:21] P values [1, -1, 1, -1, 0, 0, 0, 0, 0, 0, 0, 0, 0, 0, 0, 0, 0, 0, 0, 0, 0, 0, 0, 0, 0, 0, 0, 0, 0, 0]
[2024-06-18 19:59:21] [Debug] drone_status:4
[2024-06-18 19:59:21] Incrementing the status_ctr
[2024-06-18 19:59:21] ### Next round (68) for fuzzing commands. ###
#---------------------------------A.RANGEFINDER-------------------------------------------
[Distance] P1: 1.000000 P2: -1.000000 P3: 1.000000 
[2024-06-18 19:59:21] [Distance] Global distance: 1.000000
#-----------------------------------------------------------------------------
[2024-06-18 19:59:21] [RANGEFINDER] Mode_t:LOITER, yaw_max:14.382742, yaw_min:-11.248175, roll_max: 0.464206, roll_min:-1.247116, pitch_max:0.444269, pitch_min: -0.387759
[2024-06-18 19:59:21] P values [1, -1, 1, -1, 0, 0, 0, 0, 0, 0, 0, 0, 0, 0, 0, 0, 0, 0, 0, 0, 0, 0, 0, 0, 0, 0, 0, 0, 0, 0]
[2024-06-18 19:59:21] [Execute_cmd] (MAV_CMD_NAV_LOITER_TURNS, 73,95,14,6,71,21,11)
#---------------------------------A.RANGEFINDER-------------------------------------------
[Distance] P1: 1.000000 P2: -1.000000 P3: 1.000000 
[2024-06-18 19:59:25] [Distance] Global distance: 1.000000
#-----------------------------------------------------------------------------
[2024-06-18 19:59:25] [RANGEFINDER] Mode_t:LOITER, yaw_max:14.382742, yaw_min:-13.875484, roll_max: 0.464206, roll_min:-1.247116, pitch_max:0.444269, pitch_min: -0.387759
[2024-06-18 19:59:25] P values [1, -1, 1, -1, 0, 0, 0, 0, 0, 0, 0, 0, 0, 0, 0, 0, 0, 0, 0, 0, 0, 0, 0, 0, 0, 0, 0, 0, 0, 0]
[2024-06-18 19:59:25] [Debug] drone_status:4
[2024-06-18 19:59:25] Incrementing the status_ctr
[2024-06-18 19:59:25] ### Next round (69) for fuzzing commands. ###
#---------------------------------A.RANGEFINDER-------------------------------------------
[Distance] P1: 1.000000 P2: -1.000000 P3: 1.000000 
[2024-06-18 19:59:25] [Distance] Global distance: 1.000000
#-----------------------------------------------------------------------------
[2024-06-18 19:59:25] [RANGEFINDER] Mode_t:LOITER, yaw_max:14.382742, yaw_min:-13.875484, roll_max: 0.464206, roll_min:-1.247116, pitch_max:0.444269, pitch_min: -0.387759
[2024-06-18 19:59:25] P values [1, -1, 1, -1, 0, 0, 0, 0, 0, 0, 0, 0, 0, 0, 0, 0, 0, 0, 0, 0, 0, 0, 0, 0, 0, 0, 0, 0, 0, 0]
[2024-06-18 19:59:25] # [Change_parameter()] selected params: EK2_ALT_M_NSE
[2024-06-18 19:59:25] # [Change_parameter()] selected params: EK2_ALT_M_NSE, min: 0.100000, max: 10.000000, random real param value:3.281315
#---------------------------------A.RANGEFINDER-------------------------------------------
[Distance] P1: 1.000000 P2: -1.000000 P3: 1.000000 
[2024-06-18 19:59:32] [Distance] Global distance: 1.000000
#-----------------------------------------------------------------------------
[2024-06-18 19:59:32] [RANGEFINDER] Mode_t:LOITER, yaw_max:14.382742, yaw_min:-13.875484, roll_max: 0.464206, roll_min:-1.247116, pitch_max:0.444269, pitch_min: -0.387759
[2024-06-18 19:59:32] P values [1, -1, 1, -1, 0, 0, 0, 0, 0, 0, 0, 0, 0, 0, 0, 0, 0, 0, 0, 0, 0, 0, 0, 0, 0, 0, 0, 0, 0, 0]
[2024-06-18 19:59:32] [Debug] drone_status:4
[2024-06-18 19:59:32] Incrementing the status_ctr
[2024-06-18 19:59:32] ### Next round (70) for fuzzing commands. ###
#---------------------------------A.RANGEFINDER-------------------------------------------
[Distance] P1: 1.000000 P2: -1.000000 P3: 1.000000 
[2024-06-18 19:59:32] [Distance] Global distance: 1.000000
#-----------------------------------------------------------------------------
[2024-06-18 19:59:32] [RANGEFINDER] Mode_t:LOITER, yaw_max:14.382742, yaw_min:-13.875484, roll_max: 0.464206, roll_min:-1.247116, pitch_max:0.444269, pitch_min: -0.387759
[2024-06-18 19:59:32] P values [1, -1, 1, -1, 0, 0, 0, 0, 0, 0, 0, 0, 0, 0, 0, 0, 0, 0, 0, 0, 0, 0, 0, 0, 0, 0, 0, 0, 0, 0]
[2024-06-18 19:59:32] Generated random msgs for rangefinder
[2024-06-18 19:59:33] [status_text] EKF3 IMU1 switching to compass 2
#---------------------------------A.RANGEFINDER-------------------------------------------
[Distance] P1: 1.000000 P2: -1.000000 P3: 1.000000 
[2024-06-18 19:59:36] [Distance] Global distance: 1.000000
#-----------------------------------------------------------------------------
[2024-06-18 19:59:36] [RANGEFINDER] Mode_t:LOITER, yaw_max:14.382742, yaw_min:-13.875484, roll_max: 0.464206, roll_min:-1.247116, pitch_max:0.444269, pitch_min: -0.387759
[2024-06-18 19:59:36] P values [1, -1, 1, -1, 0, 0, 0, 0, 0, 0, 0, 0, 0, 0, 0, 0, 0, 0, 0, 0, 0, 0, 0, 0, 0, 0, 0, 0, 0, 0]
[2024-06-18 19:59:36] [Debug] drone_status:4
[2024-06-18 19:59:36] Incrementing the status_ctr
[2024-06-18 19:59:36] ### Next round (71) for fuzzing commands. ###
#---------------------------------A.RANGEFINDER-------------------------------------------
[Distance] P1: 1.000000 P2: -1.000000 P3: 1.000000 
[2024-06-18 19:59:36] [Distance] Global distance: 1.000000
#-----------------------------------------------------------------------------
[2024-06-18 19:59:36] [RANGEFINDER] Mode_t:LOITER, yaw_max:14.382742, yaw_min:-13.875484, roll_max: 0.464206, roll_min:-1.247116, pitch_max:0.444269, pitch_min: -0.387759
[2024-06-18 19:59:36] P values [1, -1, 1, -1, 0, 0, 0, 0, 0, 0, 0, 0, 0, 0, 0, 0, 0, 0, 0, 0, 0, 0, 0, 0, 0, 0, 0, 0, 0, 0]
[2024-06-18 19:59:36] # [Change_parameter()] selected params: RTL_ALT_FINAL
[2024-06-18 19:59:36] # [Change_parameter()] selected params: RTL_ALT_FINAL, min: 0.000000, max: 1000.000000, random digit param value:3
#---------------------------------A.RANGEFINDER-------------------------------------------
[Distance] P1: 1.000000 P2: -1.000000 P3: 1.000000 
[2024-06-18 19:59:43] [Distance] Global distance: 1.000000
#-----------------------------------------------------------------------------
[2024-06-18 19:59:43] [RANGEFINDER] Mode_t:LOITER, yaw_max:14.382742, yaw_min:-13.875484, roll_max: 0.464206, roll_min:-1.247116, pitch_max:0.444269, pitch_min: -0.387759
[2024-06-18 19:59:43] P values [1, -1, 1, -1, 0, 0, 0, 0, 0, 0, 0, 0, 0, 0, 0, 0, 0, 0, 0, 0, 0, 0, 0, 0, 0, 0, 0, 0, 0, 0]
[2024-06-18 19:59:43] [Debug] drone_status:4
[2024-06-18 19:59:43] Incrementing the status_ctr
[2024-06-18 19:59:43] ### Next round (72) for fuzzing commands. ###
#---------------------------------A.RANGEFINDER-------------------------------------------
[Distance] P1: 1.000000 P2: -1.000000 P3: 1.000000 
[2024-06-18 19:59:43] [Distance] Global distance: 1.000000
#-----------------------------------------------------------------------------
[2024-06-18 19:59:43] [RANGEFINDER] Mode_t:LOITER, yaw_max:14.382742, yaw_min:-13.875484, roll_max: 0.464206, roll_min:-1.247116, pitch_max:0.444269, pitch_min: -0.387759
[2024-06-18 19:59:43] P values [1, -1, 1, -1, 0, 0, 0, 0, 0, 0, 0, 0, 0, 0, 0, 0, 0, 0, 0, 0, 0, 0, 0, 0, 0, 0, 0, 0, 0, 0]
[2024-06-18 19:59:43] # [Change_parameter()] selected params: FS_THR_VALUE
[2024-06-18 19:59:43] # [Change_parameter()] selected params: FS_THR_VALUE, min: 925.000000, max: 1100.000000, random digit param value:1031
[2024-06-18 19:59:43] # Required minimum throttle is 952
[2024-06-18 19:59:46] [status_text] EKF3 IMU1 switching to compass 0
#---------------------------------A.RANGEFINDER-------------------------------------------
[Distance] P1: 1.000000 P2: -1.000000 P3: 1.000000 
[2024-06-18 19:59:50] [Distance] Global distance: 1.000000
#-----------------------------------------------------------------------------
[2024-06-18 19:59:50] [RANGEFINDER] Mode_t:LOITER, yaw_max:14.382742, yaw_min:-13.875484, roll_max: 0.464206, roll_min:-1.247116, pitch_max:0.444269, pitch_min: -0.387759
[2024-06-18 19:59:50] P values [1, -1, 1, -1, 0, 0, 0, 0, 0, 0, 0, 0, 0, 0, 0, 0, 0, 0, 0, 0, 0, 0, 0, 0, 0, 0, 0, 0, 0, 0]
[2024-06-18 19:59:50] [Debug] drone_status:4
[2024-06-18 19:59:50] Incrementing the status_ctr
[2024-06-18 19:59:50] ### Next round (73) for fuzzing commands. ###
#---------------------------------A.RANGEFINDER-------------------------------------------
[Distance] P1: 1.000000 P2: -1.000000 P3: 1.000000 
[2024-06-18 19:59:50] [Distance] Global distance: 1.000000
#-----------------------------------------------------------------------------
[2024-06-18 19:59:50] [RANGEFINDER] Mode_t:LOITER, yaw_max:14.382742, yaw_min:-13.875484, roll_max: 0.464206, roll_min:-1.247116, pitch_max:0.444269, pitch_min: -0.387759
[2024-06-18 19:59:50] P values [1, -1, 1, -1, 0, 0, 0, 0, 0, 0, 0, 0, 0, 0, 0, 0, 0, 0, 0, 0, 0, 0, 0, 0, 0, 0, 0, 0, 0, 0]
[2024-06-18 19:59:50] [Execute_env] (SIM_GND_BEHAV, 84.2690455173)
#---------------------------------A.RANGEFINDER-------------------------------------------
[Distance] P1: 1.000000 P2: -1.000000 P3: 1.000000 
[2024-06-18 19:59:54] [Distance] Global distance: 1.000000
#-----------------------------------------------------------------------------
[2024-06-18 19:59:54] [RANGEFINDER] Mode_t:LOITER, yaw_max:14.382742, yaw_min:-13.875484, roll_max: 0.464206, roll_min:-1.247116, pitch_max:0.444269, pitch_min: -0.387759
[2024-06-18 19:59:54] P values [1, -1, 1, -1, 0, 0, 0, 0, 0, 0, 0, 0, 0, 0, 0, 0, 0, 0, 0, 0, 0, 0, 0, 0, 0, 0, 0, 0, 0, 0]
[2024-06-18 19:59:54] [Debug] drone_status:4
[2024-06-18 19:59:54] Incrementing the status_ctr
[2024-06-18 19:59:54] ### Next round (74) for fuzzing commands. ###
#---------------------------------A.RANGEFINDER-------------------------------------------
[Distance] P1: 1.000000 P2: -1.000000 P3: 1.000000 
[2024-06-18 19:59:54] [Distance] Global distance: 1.000000
#-----------------------------------------------------------------------------
[2024-06-18 19:59:54] [RANGEFINDER] Mode_t:LOITER, yaw_max:14.382742, yaw_min:-13.875484, roll_max: 0.464206, roll_min:-1.247116, pitch_max:0.444269, pitch_min: -0.387759
[2024-06-18 19:59:54] P values [1, -1, 1, -1, 0, 0, 0, 0, 0, 0, 0, 0, 0, 0, 0, 0, 0, 0, 0, 0, 0, 0, 0, 0, 0, 0, 0, 0, 0, 0]
[2024-06-18 19:59:54] [Execute_cmd] (MAV_CMD_NAV_ALTITUDE_WAIT, 51,85,71,38,34,89,94)
#---------------------------------A.RANGEFINDER-------------------------------------------
[Distance] P1: 1.000000 P2: -1.000000 P3: 1.000000 
[2024-06-18 19:59:58] [Distance] Global distance: 1.000000
#-----------------------------------------------------------------------------
[2024-06-18 19:59:58] [RANGEFINDER] Mode_t:LOITER, yaw_max:14.382742, yaw_min:-13.875484, roll_max: 0.464206, roll_min:-1.247116, pitch_max:0.444269, pitch_min: -0.387759
[2024-06-18 19:59:58] P values [1, -1, 1, -1, 0, 0, 0, 0, 0, 0, 0, 0, 0, 0, 0, 0, 0, 0, 0, 0, 0, 0, 0, 0, 0, 0, 0, 0, 0, 0]
[2024-06-18 19:59:58] [Debug] drone_status:4
[2024-06-18 19:59:58] Incrementing the status_ctr
[2024-06-18 19:59:58] ### Next round (75) for fuzzing commands. ###
#---------------------------------A.RANGEFINDER-------------------------------------------
[Distance] P1: 1.000000 P2: -1.000000 P3: 1.000000 
[2024-06-18 19:59:58] [Distance] Global distance: 1.000000
#-----------------------------------------------------------------------------
[2024-06-18 19:59:58] [RANGEFINDER] Mode_t:LOITER, yaw_max:14.382742, yaw_min:-13.875484, roll_max: 0.464206, roll_min:-1.247116, pitch_max:0.444269, pitch_min: -0.387759
[2024-06-18 19:59:58] P values [1, -1, 1, -1, 0, 0, 0, 0, 0, 0, 0, 0, 0, 0, 0, 0, 0, 0, 0, 0, 0, 0, 0, 0, 0, 0, 0, 0, 0, 0]
[2024-06-18 19:59:58] [Execute_env] (SIM_PLD_HEIGHT, 80.0716153684)
[2024-06-18 20:00:00] [status_text] EKF3 IMU1 switching to compass 1
#---------------------------------A.RANGEFINDER-------------------------------------------
[Distance] P1: 1.000000 P2: -1.000000 P3: 1.000000 
[2024-06-18 20:00:02] [Distance] Global distance: 1.000000
#-----------------------------------------------------------------------------
[2024-06-18 20:00:02] [RANGEFINDER] Mode_t:LOITER, yaw_max:15.124376, yaw_min:-13.875484, roll_max: 0.464206, roll_min:-1.247116, pitch_max:0.444269, pitch_min: -0.387759
[2024-06-18 20:00:02] P values [1, -1, 1, -1, 0, 0, 0, 0, 0, 0, 0, 0, 0, 0, 0, 0, 0, 0, 0, 0, 0, 0, 0, 0, 0, 0, 0, 0, 0, 0]
[2024-06-18 20:00:02] [Debug] drone_status:4
[2024-06-18 20:00:02] Incrementing the status_ctr
[2024-06-18 20:00:02] ### Next round (76) for fuzzing commands. ###
#---------------------------------A.RANGEFINDER-------------------------------------------
[Distance] P1: 1.000000 P2: -1.000000 P3: 1.000000 
[2024-06-18 20:00:02] [Distance] Global distance: 1.000000
#-----------------------------------------------------------------------------
[2024-06-18 20:00:02] [RANGEFINDER] Mode_t:LOITER, yaw_max:15.124376, yaw_min:-13.875484, roll_max: 0.464206, roll_min:-1.247116, pitch_max:0.444269, pitch_min: -0.387759
[2024-06-18 20:00:02] P values [1, -1, 1, -1, 0, 0, 0, 0, 0, 0, 0, 0, 0, 0, 0, 0, 0, 0, 0, 0, 0, 0, 0, 0, 0, 0, 0, 0, 0, 0]
[2024-06-18 20:00:02] Generated random msgs for rangefinder
#---------------------------------A.RANGEFINDER-------------------------------------------
[Distance] P1: 1.000000 P2: -1.000000 P3: 1.000000 
[2024-06-18 20:00:06] [Distance] Global distance: 1.000000
#-----------------------------------------------------------------------------
[2024-06-18 20:00:06] [RANGEFINDER] Mode_t:LOITER, yaw_max:15.124376, yaw_min:-13.875484, roll_max: 0.464206, roll_min:-1.247116, pitch_max:0.444269, pitch_min: -0.387759
[2024-06-18 20:00:06] P values [1, -1, 1, -1, 0, 0, 0, 0, 0, 0, 0, 0, 0, 0, 0, 0, 0, 0, 0, 0, 0, 0, 0, 0, 0, 0, 0, 0, 0, 0]
[2024-06-18 20:00:06] [Debug] drone_status:4
[2024-06-18 20:00:06] Incrementing the status_ctr
[2024-06-18 20:00:06] ### Next round (77) for fuzzing commands. ###
#---------------------------------A.RANGEFINDER-------------------------------------------
[Distance] P1: 1.000000 P2: -1.000000 P3: 1.000000 
[2024-06-18 20:00:06] [Distance] Global distance: 1.000000
#-----------------------------------------------------------------------------
[2024-06-18 20:00:06] [RANGEFINDER] Mode_t:LOITER, yaw_max:15.124376, yaw_min:-13.875484, roll_max: 0.464206, roll_min:-1.247116, pitch_max:0.444269, pitch_min: -0.387759
[2024-06-18 20:00:06] P values [1, -1, 1, -1, 0, 0, 0, 0, 0, 0, 0, 0, 0, 0, 0, 0, 0, 0, 0, 0, 0, 0, 0, 0, 0, 0, 0, 0, 0, 0]
[2024-06-18 20:00:06] [Execute_cmd] (MAV_CMD_DO_SET_HOME, 28,99,45,55,56,90,83)
#---------------------------------A.RANGEFINDER-------------------------------------------
[Distance] P1: 1.000000 P2: -1.000000 P3: 1.000000 
[2024-06-18 20:00:10] [Distance] Global distance: 1.000000
#-----------------------------------------------------------------------------
[2024-06-18 20:00:10] [RANGEFINDER] Mode_t:LOITER, yaw_max:15.124376, yaw_min:-13.875484, roll_max: 0.464206, roll_min:-1.247116, pitch_max:0.444269, pitch_min: -0.387759
[2024-06-18 20:00:10] P values [1, -1, 1, -1, 0, 0, 0, 0, 0, 0, 0, 0, 0, 0, 0, 0, 0, 0, 0, 0, 0, 0, 0, 0, 0, 0, 0, 0, 0, 0]
[2024-06-18 20:00:10] [Debug] drone_status:4
[2024-06-18 20:00:10] Incrementing the status_ctr
[2024-06-18 20:00:10] ### Next round (78) for fuzzing commands. ###
#---------------------------------A.RANGEFINDER-------------------------------------------
[Distance] P1: 1.000000 P2: -1.000000 P3: 1.000000 
[2024-06-18 20:00:10] [Distance] Global distance: 1.000000
#-----------------------------------------------------------------------------
[2024-06-18 20:00:10] [RANGEFINDER] Mode_t:LOITER, yaw_max:15.124376, yaw_min:-13.875484, roll_max: 0.464206, roll_min:-1.247116, pitch_max:0.444269, pitch_min: -0.387759
[2024-06-18 20:00:10] P values [1, -1, 1, -1, 0, 0, 0, 0, 0, 0, 0, 0, 0, 0, 0, 0, 0, 0, 0, 0, 0, 0, 0, 0, 0, 0, 0, 0, 0, 0]
[2024-06-18 20:00:10] [Execute_cmd] (MAV_CMD_DO_SET_CAM_TRIGG_DIST, 75,67,86,98,42,53,70)
[2024-06-18 20:00:12] [status_text] EKF3 IMU1 switching to compass 2
#---------------------------------A.RANGEFINDER-------------------------------------------
[Distance] P1: 1.000000 P2: -1.000000 P3: 1.000000 
[2024-06-18 20:00:14] [Distance] Global distance: 1.000000
#-----------------------------------------------------------------------------
[2024-06-18 20:00:14] [RANGEFINDER] Mode_t:LOITER, yaw_max:15.124376, yaw_min:-13.875484, roll_max: 0.464206, roll_min:-1.247116, pitch_max:0.444269, pitch_min: -0.387759
[2024-06-18 20:00:14] P values [1, -1, 1, -1, 0, 0, 0, 0, 0, 0, 0, 0, 0, 0, 0, 0, 0, 0, 0, 0, 0, 0, 0, 0, 0, 0, 0, 0, 0, 0]
[2024-06-18 20:00:14] [Debug] drone_status:4
[2024-06-18 20:00:14] Incrementing the status_ctr
[2024-06-18 20:00:14] ### Next round (79) for fuzzing commands. ###
#---------------------------------A.RANGEFINDER-------------------------------------------
[Distance] P1: 1.000000 P2: -1.000000 P3: 1.000000 
[2024-06-18 20:00:14] [Distance] Global distance: 1.000000
#-----------------------------------------------------------------------------
[2024-06-18 20:00:14] [RANGEFINDER] Mode_t:LOITER, yaw_max:15.124376, yaw_min:-13.875484, roll_max: 0.464206, roll_min:-1.247116, pitch_max:0.444269, pitch_min: -0.387759
[2024-06-18 20:00:14] P values [1, -1, 1, -1, 0, 0, 0, 0, 0, 0, 0, 0, 0, 0, 0, 0, 0, 0, 0, 0, 0, 0, 0, 0, 0, 0, 0, 0, 0, 0]
[2024-06-18 20:00:14] [Execute_cmd] (MAV_CMD_CONDITION_DELAY, 21,53,17,48,77,88,9)
#---------------------------------A.RANGEFINDER-------------------------------------------
[Distance] P1: 1.000000 P2: -1.000000 P3: 1.000000 
[2024-06-18 20:00:18] [Distance] Global distance: 1.000000
#-----------------------------------------------------------------------------
[2024-06-18 20:00:18] [RANGEFINDER] Mode_t:LOITER, yaw_max:15.124376, yaw_min:-13.875484, roll_max: 0.464206, roll_min:-1.247116, pitch_max:0.444269, pitch_min: -0.411484
[2024-06-18 20:00:18] P values [1, -1, 1, -1, 0, 0, 0, 0, 0, 0, 0, 0, 0, 0, 0, 0, 0, 0, 0, 0, 0, 0, 0, 0, 0, 0, 0, 0, 0, 0]
[2024-06-18 20:00:18] [Debug] drone_status:4
[2024-06-18 20:00:18] Incrementing the status_ctr
[2024-06-18 20:00:18] ### Next round (80) for fuzzing commands. ###
#---------------------------------A.RANGEFINDER-------------------------------------------
[Distance] P1: 1.000000 P2: -1.000000 P3: 1.000000 
[2024-06-18 20:00:18] [Distance] Global distance: 1.000000
#-----------------------------------------------------------------------------
[2024-06-18 20:00:18] [RANGEFINDER] Mode_t:LOITER, yaw_max:15.124376, yaw_min:-13.875484, roll_max: 0.464206, roll_min:-1.247116, pitch_max:0.444269, pitch_min: -0.411484
[2024-06-18 20:00:18] P values [1, -1, 1, -1, 0, 0, 0, 0, 0, 0, 0, 0, 0, 0, 0, 0, 0, 0, 0, 0, 0, 0, 0, 0, 0, 0, 0, 0, 0, 0]
[2024-06-18 20:00:18] Generated random msgs for rangefinder
#---------------------------------A.RANGEFINDER-------------------------------------------
[Distance] P1: 1.000000 P2: 1.000000 P3: 1.000000 
[2024-06-18 20:00:22] [Distance] Global distance: -1.000000
#-----------------------------------------------------------------------------
[2024-06-18 20:00:22] ***************Policy violation!***************
Create the policy_violations dir as not found
Restarting the vehicle : Policy violation logged
[2024-06-18 20:00:22] #-----------------------------------------------------------------------------
[2024-06-18 20:00:22] #-----------------------------------------------------------------------------
[2024-06-18 20:00:22] #------------------------- RE-LAUNCH the vehicle -----------------------------
[2024-06-18 20:00:22] #-----------------------------------------------------------------------------
[2024-06-18 20:00:22] #-----------------------------------------------------------------------------
[2024-06-18 20:00:26] [status_text] EKF3 IMU1 switching to compass 0
[2024-06-18 20:00:27] [re-launch] min_thr:952, target throttle:972
[2024-06-18 20:00:36] [status_text] Barometer 1 calibration complete
[2024-06-18 20:00:36] [status_text] Barometer 2 calibration complete
[2024-06-18 20:00:37] [status_text] ArduCopter V4.1.0-dev (98287a1b)
[2024-06-18 20:00:37] [status_text] 43ef9e12cd45440383d4ec9e33e65b21
[2024-06-18 20:00:37] [status_text] Frame: QUAD/PLUS
[2024-06-18 20:00:37] [status_text] ArduPilot Ready
[2024-06-18 20:00:37] [status_text] AHRS: DCM active
[2024-06-18 20:00:37] [status_text] Radio Failsafe - Disarming
[2024-06-18 20:00:38] [status_text] EKF3 IMU0 buffs IMU=19 OBS=7 OF=17 EN:17 dt=0.0120
[2024-06-18 20:00:38] [status_text] EKF3 IMU1 buffs IMU=19 OBS=7 OF=17 EN:17 dt=0.0120
[2024-06-18 20:00:39] [status_text] EKF3 IMU0 initialised
[2024-06-18 20:00:39] [status_text] EKF3 IMU1 initialised
[2024-06-18 20:00:39] [status_text] AHRS: EKF3 active
[2024-06-18 20:00:39] [status_text] EKF3 IMU1 initial yaw alignment complete
[2024-06-18 20:00:39] [status_text] EKF3 IMU0 initial yaw alignment complete
[2024-06-18 20:00:40] [status_text] EKF3 IMU1 tilt alignment complete
[2024-06-18 20:00:40] [status_text] EKF3 IMU0 tilt alignment complete
[2024-06-18 20:00:43] [status_text] GPS 1: detected as u-blox at 230400 baud
[2024-06-18 20:00:52] [status_text] PreArm: Throttle below Failsafe
[2024-06-18 20:00:52] [status_text] PreArm: Radio failsafe on
[2024-06-18 20:00:53] [status_text] EKF3 IMU0 origin set
[2024-06-18 20:00:53] [status_text] EKF3 IMU1 origin set
[2024-06-18 20:01:14] [status_text] EKF3 IMU1 is using GPS
[2024-06-18 20:01:14] [status_text] EKF3 IMU0 is using GPS
[2024-06-18 20:01:19] [Set_preconditions] PRX_TYPE = 2
[2024-06-18 20:01:22] [status_text] PreArm: Throttle below Failsafe
[2024-06-18 20:01:22] [status_text] PreArm: Radio failsafe on
[2024-06-18 20:01:22] [status_text] PreArm: Throttle below Failsafe
[2024-06-18 20:01:22] [status_text] PreArm: Radio failsafe on
[2024-06-18 20:01:50] [*Distance*] propositional distance 2 is increased (input: , null)
[2024-06-18 20:01:50] [write_guidance_log] appending:  null 2 2

[2024-06-18 20:01:50] [RANGEFINDER] Mode_t:GUIDED, yaw_max:15.124376, yaw_min:-13.875484, roll_max: 1.002457, roll_min:-1.247116, pitch_max:0.444269, pitch_min: -0.411484
[2024-06-18 20:01:50] P values [1, 1, 1, -1, 0, 0, 0, 0, 0, 0, 0, 0, 0, 0, 0, 0, 0, 0, 0, 0, 0, 0, 0, 0, 0, 0, 0, 0, 0, 0]
[2024-06-18 20:01:50] [Debug] drone_status:5
[2024-06-18 20:01:50] Incrementing the status_ctr
[2024-06-18 20:01:50] [Debug] drone_status:5
[2024-06-18 20:01:50] [Debug] *the drone hits ground*
[2024-06-18 20:01:50] ### Vehicle is grounded, Home alt:593.440002, Current alt:584.029968
[2024-06-18 20:01:50] #-----------------------------------------------------------------------------
[2024-06-18 20:01:50] #-----------------------------------------------------------------------------
[2024-06-18 20:01:50] #------------------------- RE-LAUNCH the vehicle -----------------------------
[2024-06-18 20:01:50] #-----------------------------------------------------------------------------
[2024-06-18 20:01:50] #-----------------------------------------------------------------------------
[2024-06-18 20:01:50] [status_text] Radio Failsafe Cleared
[2024-06-18 20:01:51] [status_text] SaveWaypoint LOW
[2024-06-18 20:01:56] [re-launch] min_thr:952, target throttle:972
[2024-06-18 20:01:56] [status_text] Radio Failsafe - Disarming
[2024-06-18 20:02:04] [status_text] Calibrating barometer
[2024-06-18 20:02:05] [status_text] ArduCopter V4.1.0-dev (98287a1b)
[2024-06-18 20:02:05] [status_text] 43ef9e12cd45440383d4ec9e33e65b21
[2024-06-18 20:02:05] [status_text] Frame: QUAD/PLUS
[2024-06-18 20:02:05] [status_text] Barometer 1 calibration complete
[2024-06-18 20:02:05] [status_text] Barometer 2 calibration complete
[2024-06-18 20:02:06] [status_text] ArduPilot Ready
[2024-06-18 20:02:06] [status_text] AHRS: DCM active
[2024-06-18 20:02:06] [status_text] Radio Failsafe - Disarming
[2024-06-18 20:02:07] [status_text] EKF3 IMU0 buffs IMU=19 OBS=7 OF=17 EN:17 dt=0.0120
[2024-06-18 20:02:07] [status_text] EKF3 IMU1 buffs IMU=19 OBS=7 OF=17 EN:17 dt=0.0120
[2024-06-18 20:02:08] [status_text] EKF3 IMU0 initialised
[2024-06-18 20:02:08] [status_text] EKF3 IMU1 initialised
[2024-06-18 20:02:08] [status_text] AHRS: EKF3 active
[2024-06-18 20:02:08] [status_text] EKF3 IMU1 initial yaw alignment complete
[2024-06-18 20:02:08] [status_text] EKF3 IMU0 initial yaw alignment complete
[2024-06-18 20:02:09] [status_text] EKF3 IMU1 tilt alignment complete
[2024-06-18 20:02:09] [status_text] EKF3 IMU0 tilt alignment complete
[2024-06-18 20:02:12] [status_text] GPS 1: detected as u-blox at 230400 baud
[2024-06-18 20:02:21] [status_text] PreArm: Throttle below Failsafe
[2024-06-18 20:02:21] [status_text] PreArm: Radio failsafe on
[2024-06-18 20:02:22] [status_text] EKF3 IMU0 origin set
[2024-06-18 20:02:22] [status_text] EKF3 IMU1 origin set
[2024-06-18 20:02:43] [status_text] EKF3 IMU1 is using GPS
[2024-06-18 20:02:43] [status_text] EKF3 IMU0 is using GPS
[2024-06-18 20:02:48] [Set_preconditions] PRX_TYPE = 2
[2024-06-18 20:02:51] [status_text] PreArm: Throttle below Failsafe
[2024-06-18 20:02:51] [status_text] PreArm: Radio failsafe on
[2024-06-18 20:02:51] [status_text] PreArm: Throttle below Failsafe
[2024-06-18 20:02:51] [status_text] PreArm: Radio failsafe on
[2024-06-18 20:03:19] [Debug] drone_status:5
[2024-06-18 20:03:19] Incrementing the status_ctr
[2024-06-18 20:03:19] Drone status Status: 5 Hit_ground: 0 PreArm: 0
[2024-06-18 20:03:19] Restarting the vehicle
[2024-06-18 20:03:19] #-----------------------------------------------------------------------------
[2024-06-18 20:03:19] #-----------------------------------------------------------------------------
[2024-06-18 20:03:19] #------------------------- RE-LAUNCH the vehicle -----------------------------
[2024-06-18 20:03:19] #-----------------------------------------------------------------------------
[2024-06-18 20:03:19] #-----------------------------------------------------------------------------
[2024-06-18 20:03:19] [status_text] Radio Failsafe Cleared
[2024-06-18 20:03:19] [status_text] SaveWaypoint LOW
[2024-06-18 20:03:24] [re-launch] min_thr:952, target throttle:972
[2024-06-18 20:03:24] [status_text] Radio Failsafe - Disarming
[2024-06-18 20:03:32] [status_text] Calibrating barometer
[2024-06-18 20:03:33] [status_text] ArduCopter V4.1.0-dev (98287a1b)
[2024-06-18 20:03:33] [status_text] 43ef9e12cd45440383d4ec9e33e65b21
[2024-06-18 20:03:33] [status_text] Frame: QUAD/PLUS
[2024-06-18 20:03:33] [status_text] Barometer 1 calibration complete
[2024-06-18 20:03:33] [status_text] Barometer 2 calibration complete
[2024-06-18 20:03:34] [status_text] ArduPilot Ready
[2024-06-18 20:03:34] [status_text] AHRS: DCM active
[2024-06-18 20:03:34] [status_text] Radio Failsafe - Disarming
[2024-06-18 20:03:35] [status_text] EKF3 IMU0 buffs IMU=19 OBS=7 OF=17 EN:17 dt=0.0120
[2024-06-18 20:03:35] [status_text] EKF3 IMU1 buffs IMU=19 OBS=7 OF=17 EN:17 dt=0.0120
[2024-06-18 20:03:36] [status_text] EKF3 IMU0 initialised
[2024-06-18 20:03:36] [status_text] EKF3 IMU1 initialised
[2024-06-18 20:03:36] [status_text] AHRS: EKF3 active
[2024-06-18 20:03:36] [status_text] EKF3 IMU1 initial yaw alignment complete
[2024-06-18 20:03:36] [status_text] EKF3 IMU0 initial yaw alignment complete
[2024-06-18 20:03:37] [status_text] EKF3 IMU1 tilt alignment complete
[2024-06-18 20:03:37] [status_text] EKF3 IMU0 tilt alignment complete
[2024-06-18 20:03:40] [status_text] GPS 1: detected as u-blox at 230400 baud
[2024-06-18 20:03:49] [status_text] PreArm: Throttle below Failsafe
[2024-06-18 20:03:49] [status_text] PreArm: Radio failsafe on
[2024-06-18 20:03:50] [status_text] EKF3 IMU0 origin set
[2024-06-18 20:03:50] [status_text] EKF3 IMU1 origin set
[2024-06-18 20:04:11] [status_text] EKF3 IMU1 is using GPS
[2024-06-18 20:04:11] [status_text] EKF3 IMU0 is using GPS
[2024-06-18 20:04:16] [Set_preconditions] PRX_TYPE = 2
[2024-06-18 20:04:19] [status_text] PreArm: Throttle below Failsafe
[2024-06-18 20:04:19] [status_text] PreArm: Radio failsafe on
[2024-06-18 20:04:19] [status_text] PreArm: Throttle below Failsafe
[2024-06-18 20:04:19] [status_text] PreArm: Radio failsafe on
[2024-06-18 20:04:47] [Debug] drone_status:5
[2024-06-18 20:04:47] Incrementing the status_ctr
[2024-06-18 20:04:47] Drone status Status: 5 Hit_ground: 0 PreArm: 0
[2024-06-18 20:04:47] Restarting the vehicle
[2024-06-18 20:04:47] #-----------------------------------------------------------------------------
[2024-06-18 20:04:47] #-----------------------------------------------------------------------------
[2024-06-18 20:04:47] #------------------------- RE-LAUNCH the vehicle -----------------------------
[2024-06-18 20:04:47] #-----------------------------------------------------------------------------
[2024-06-18 20:04:47] #-----------------------------------------------------------------------------
[2024-06-18 20:04:47] [status_text] Radio Failsafe Cleared
[2024-06-18 20:04:48] [status_text] SaveWaypoint LOW
[2024-06-18 20:04:53] [re-launch] min_thr:952, target throttle:972
[2024-06-18 20:04:53] [status_text] Radio Failsafe - Disarming
[2024-06-18 20:05:00] [status_text] Calibrating barometer
[2024-06-18 20:05:01] [status_text] ArduCopter V4.1.0-dev (98287a1b)
[2024-06-18 20:05:01] [status_text] 43ef9e12cd45440383d4ec9e33e65b21
[2024-06-18 20:05:01] [status_text] Frame: QUAD/PLUS
[2024-06-18 20:05:02] [status_text] Barometer 1 calibration complete
[2024-06-18 20:05:02] [status_text] Barometer 2 calibration complete
[2024-06-18 20:05:02] [status_text] ArduPilot Ready
[2024-06-18 20:05:02] [status_text] AHRS: DCM active
[2024-06-18 20:05:02] [status_text] Radio Failsafe - Disarming
[2024-06-18 20:05:03] [status_text] EKF3 IMU0 buffs IMU=19 OBS=7 OF=17 EN:17 dt=0.0120
[2024-06-18 20:05:03] [status_text] EKF3 IMU1 buffs IMU=19 OBS=7 OF=17 EN:17 dt=0.0120
[2024-06-18 20:05:04] [status_text] EKF3 IMU0 initialised
[2024-06-18 20:05:04] [status_text] EKF3 IMU1 initialised
[2024-06-18 20:05:04] [status_text] AHRS: EKF3 active
[2024-06-18 20:05:04] [status_text] EKF3 IMU1 initial yaw alignment complete
[2024-06-18 20:05:04] [status_text] EKF3 IMU0 initial yaw alignment complete
[2024-06-18 20:05:06] [status_text] EKF3 IMU1 tilt alignment complete
[2024-06-18 20:05:06] [status_text] EKF3 IMU0 tilt alignment complete
[2024-06-18 20:05:08] [status_text] GPS 1: detected as u-blox at 230400 baud
[2024-06-18 20:05:17] [status_text] PreArm: Throttle below Failsafe
[2024-06-18 20:05:17] [status_text] PreArm: Radio failsafe on
[2024-06-18 20:05:18] [status_text] EKF3 IMU0 origin set
[2024-06-18 20:05:18] [status_text] EKF3 IMU1 origin set
[2024-06-18 20:05:40] [status_text] EKF3 IMU1 is using GPS
[2024-06-18 20:05:40] [status_text] EKF3 IMU0 is using GPS
[2024-06-18 20:05:45] [Set_preconditions] PRX_TYPE = 2
[2024-06-18 20:05:47] [status_text] PreArm: Throttle below Failsafe
[2024-06-18 20:05:47] [status_text] PreArm: Radio failsafe on
[2024-06-18 20:05:48] [status_text] PreArm: Throttle below Failsafe
[2024-06-18 20:05:48] [status_text] PreArm: Radio failsafe on
[2024-06-18 20:06:16] [Debug] drone_status:5
[2024-06-18 20:06:16] Incrementing the status_ctr
[2024-06-18 20:06:16] Drone status Status: 5 Hit_ground: 0 PreArm: 0
[2024-06-18 20:06:16] Restarting the vehicle
[2024-06-18 20:06:16] #-----------------------------------------------------------------------------
[2024-06-18 20:06:16] #-----------------------------------------------------------------------------
[2024-06-18 20:06:16] #------------------------- RE-LAUNCH the vehicle -----------------------------
[2024-06-18 20:06:16] #-----------------------------------------------------------------------------
[2024-06-18 20:06:16] #-----------------------------------------------------------------------------
[2024-06-18 20:06:16] [status_text] Radio Failsafe Cleared
[2024-06-18 20:06:16] [status_text] SaveWaypoint LOW
[2024-06-18 20:06:21] [re-launch] min_thr:952, target throttle:972
[2024-06-18 20:06:21] [status_text] Radio Failsafe - Disarming
[2024-06-18 20:06:29] [status_text] Calibrating barometer
[2024-06-18 20:06:30] [status_text] ArduCopter V4.1.0-dev (98287a1b)
[2024-06-18 20:06:30] [status_text] 43ef9e12cd45440383d4ec9e33e65b21
[2024-06-18 20:06:30] [status_text] Frame: QUAD/PLUS
[2024-06-18 20:06:31] [status_text] Barometer 1 calibration complete
[2024-06-18 20:06:31] [status_text] Barometer 2 calibration complete
[2024-06-18 20:06:31] [status_text] ArduPilot Ready
[2024-06-18 20:06:31] [status_text] AHRS: DCM active
[2024-06-18 20:06:31] [status_text] Radio Failsafe - Disarming
[2024-06-18 20:06:32] [status_text] EKF3 IMU0 buffs IMU=19 OBS=7 OF=17 EN:17 dt=0.0120
[2024-06-18 20:06:32] [status_text] EKF3 IMU1 buffs IMU=19 OBS=7 OF=17 EN:17 dt=0.0120
[2024-06-18 20:06:33] [status_text] EKF3 IMU0 initialised
[2024-06-18 20:06:33] [status_text] EKF3 IMU1 initialised
[2024-06-18 20:06:33] [status_text] AHRS: EKF3 active
[2024-06-18 20:06:33] [status_text] EKF3 IMU1 initial yaw alignment complete
[2024-06-18 20:06:33] [status_text] EKF3 IMU0 initial yaw alignment complete
[2024-06-18 20:06:35] [status_text] EKF3 IMU1 tilt alignment complete
[2024-06-18 20:06:35] [status_text] EKF3 IMU0 tilt alignment complete
[2024-06-18 20:06:37] [status_text] GPS 1: detected as u-blox at 230400 baud
[2024-06-18 20:06:46] [status_text] PreArm: Throttle below Failsafe
[2024-06-18 20:06:46] [status_text] PreArm: Radio failsafe on
[2024-06-18 20:06:48] [status_text] EKF3 IMU0 origin set
[2024-06-18 20:06:48] [status_text] EKF3 IMU1 origin set
[2024-06-18 20:07:09] [status_text] EKF3 IMU1 is using GPS
[2024-06-18 20:07:09] [status_text] EKF3 IMU0 is using GPS
[2024-06-18 20:07:13] [Set_preconditions] PRX_TYPE = 2
[2024-06-18 20:07:16] [status_text] PreArm: Throttle below Failsafe
[2024-06-18 20:07:16] [status_text] PreArm: Radio failsafe on
[2024-06-18 20:07:16] [status_text] PreArm: Throttle below Failsafe
[2024-06-18 20:07:16] [status_text] PreArm: Radio failsafe on
[2024-06-18 20:07:44] [Debug] drone_status:5
[2024-06-18 20:07:44] Incrementing the status_ctr
[2024-06-18 20:07:44] Drone status Status: 5 Hit_ground: 0 PreArm: 0
[2024-06-18 20:07:44] Restarting the vehicle
[2024-06-18 20:07:44] #-----------------------------------------------------------------------------
[2024-06-18 20:07:44] #-----------------------------------------------------------------------------
[2024-06-18 20:07:44] #------------------------- RE-LAUNCH the vehicle -----------------------------
[2024-06-18 20:07:44] #-----------------------------------------------------------------------------
[2024-06-18 20:07:44] #-----------------------------------------------------------------------------
[2024-06-18 20:07:44] [status_text] Radio Failsafe Cleared
[2024-06-18 20:07:45] [status_text] SaveWaypoint LOW
[2024-06-18 20:07:50] [re-launch] min_thr:952, target throttle:972
[2024-06-18 20:07:50] [status_text] Radio Failsafe - Disarming
[2024-06-18 20:07:59] [status_text] Barometer 1 calibration complete
[2024-06-18 20:07:59] [status_text] Barometer 2 calibration complete
[2024-06-18 20:07:59] [status_text] ArduCopter V4.1.0-dev (98287a1b)
[2024-06-18 20:07:59] [status_text] 43ef9e12cd45440383d4ec9e33e65b21
[2024-06-18 20:07:59] [status_text] Frame: QUAD/PLUS
[2024-06-18 20:07:59] [status_text] ArduPilot Ready
[2024-06-18 20:07:59] [status_text] AHRS: DCM active
[2024-06-18 20:07:59] [status_text] Radio Failsafe - Disarming
[2024-06-18 20:08:00] [status_text] EKF3 IMU0 buffs IMU=19 OBS=7 OF=17 EN:17 dt=0.0120
[2024-06-18 20:08:00] [status_text] EKF3 IMU1 buffs IMU=19 OBS=7 OF=17 EN:17 dt=0.0120
[2024-06-18 20:08:01] [status_text] EKF3 IMU0 initialised
[2024-06-18 20:08:01] [status_text] EKF3 IMU1 initialised
[2024-06-18 20:08:01] [status_text] AHRS: EKF3 active
[2024-06-18 20:08:02] [status_text] EKF3 IMU1 initial yaw alignment complete
[2024-06-18 20:08:02] [status_text] EKF3 IMU0 initial yaw alignment complete
[2024-06-18 20:08:03] [status_text] EKF3 IMU1 tilt alignment complete
[2024-06-18 20:08:03] [status_text] EKF3 IMU0 tilt alignment complete
[2024-06-18 20:08:05] [status_text] GPS 1: detected as u-blox at 230400 baud
[2024-06-18 20:08:14] [status_text] PreArm: Throttle below Failsafe
[2024-06-18 20:08:14] [status_text] PreArm: Radio failsafe on
[2024-06-18 20:08:16] [status_text] EKF3 IMU0 origin set
[2024-06-18 20:08:16] [status_text] EKF3 IMU1 origin set
[2024-06-18 20:08:37] [status_text] EKF3 IMU1 is using GPS
[2024-06-18 20:08:37] [status_text] EKF3 IMU0 is using GPS
[2024-06-18 20:08:42] [Set_preconditions] PRX_TYPE = 2
[2024-06-18 20:08:44] [status_text] PreArm: Throttle below Failsafe
[2024-06-18 20:08:44] [status_text] PreArm: Radio failsafe on
[2024-06-18 20:08:45] [status_text] PreArm: Throttle below Failsafe
[2024-06-18 20:08:45] [status_text] PreArm: Radio failsafe on
[2024-06-18 20:09:13] [Debug] drone_status:5
[2024-06-18 20:09:13] Incrementing the status_ctr
[2024-06-18 20:09:13] Drone status Status: 5 Hit_ground: 0 PreArm: 0
[2024-06-18 20:09:13] Restarting the vehicle
[2024-06-18 20:09:13] #-----------------------------------------------------------------------------
[2024-06-18 20:09:13] #-----------------------------------------------------------------------------
[2024-06-18 20:09:13] #------------------------- RE-LAUNCH the vehicle -----------------------------
[2024-06-18 20:09:13] #-----------------------------------------------------------------------------
[2024-06-18 20:09:13] #-----------------------------------------------------------------------------
[2024-06-18 20:09:13] [status_text] Radio Failsafe Cleared
[2024-06-18 20:09:13] [status_text] SaveWaypoint LOW
[2024-06-18 20:09:18] [re-launch] min_thr:952, target throttle:972
[2024-06-18 20:09:18] [status_text] Radio Failsafe - Disarming
[2024-06-18 20:09:28] [status_text] Barometer 1 calibration complete
[2024-06-18 20:09:28] [status_text] Barometer 2 calibration complete
[2024-06-18 20:09:28] [status_text] ArduCopter V4.1.0-dev (98287a1b)
[2024-06-18 20:09:28] [status_text] 43ef9e12cd45440383d4ec9e33e65b21
[2024-06-18 20:09:28] [status_text] Frame: QUAD/PLUS
[2024-06-18 20:09:28] [status_text] ArduPilot Ready
[2024-06-18 20:09:28] [status_text] AHRS: DCM active
[2024-06-18 20:09:29] [status_text] Radio Failsafe - Disarming
[2024-06-18 20:09:29] [status_text] EKF3 IMU0 buffs IMU=19 OBS=7 OF=17 EN:17 dt=0.0120
[2024-06-18 20:09:29] [status_text] EKF3 IMU1 buffs IMU=19 OBS=7 OF=17 EN:17 dt=0.0120
[2024-06-18 20:09:30] [status_text] EKF3 IMU0 initialised
[2024-06-18 20:09:30] [status_text] EKF3 IMU1 initialised
[2024-06-18 20:09:30] [status_text] AHRS: EKF3 active
[2024-06-18 20:09:31] [status_text] EKF3 IMU1 initial yaw alignment complete
[2024-06-18 20:09:31] [status_text] EKF3 IMU0 initial yaw alignment complete
[2024-06-18 20:09:32] [status_text] EKF3 IMU1 tilt alignment complete
[2024-06-18 20:09:32] [status_text] EKF3 IMU0 tilt alignment complete
[2024-06-18 20:09:35] [status_text] GPS 1: detected as u-blox at 230400 baud
[2024-06-18 20:09:43] [status_text] PreArm: Throttle below Failsafe
[2024-06-18 20:09:43] [status_text] PreArm: Radio failsafe on
[2024-06-18 20:09:45] [status_text] EKF3 IMU0 origin set
[2024-06-18 20:09:45] [status_text] EKF3 IMU1 origin set
[2024-06-18 20:10:06] [status_text] EKF3 IMU1 is using GPS
[2024-06-18 20:10:06] [status_text] EKF3 IMU0 is using GPS
[2024-06-18 20:10:10] [Set_preconditions] PRX_TYPE = 2
[2024-06-18 20:10:13] [status_text] PreArm: Throttle below Failsafe
[2024-06-18 20:10:13] [status_text] PreArm: Radio failsafe on
[2024-06-18 20:10:13] [status_text] PreArm: Throttle below Failsafe
[2024-06-18 20:10:13] [status_text] PreArm: Radio failsafe on
[2024-06-18 20:10:41] [Debug] drone_status:5
[2024-06-18 20:10:41] Incrementing the status_ctr
[2024-06-18 20:10:41] Drone status Status: 5 Hit_ground: 0 PreArm: 0
[2024-06-18 20:10:41] Restarting the vehicle
[2024-06-18 20:10:41] #-----------------------------------------------------------------------------
[2024-06-18 20:10:41] #-----------------------------------------------------------------------------
[2024-06-18 20:10:41] #------------------------- RE-LAUNCH the vehicle -----------------------------
[2024-06-18 20:10:41] #-----------------------------------------------------------------------------
[2024-06-18 20:10:41] #-----------------------------------------------------------------------------
[2024-06-18 20:10:41] [status_text] Radio Failsafe Cleared
[2024-06-18 20:10:42] [status_text] SaveWaypoint LOW
[2024-06-18 20:10:47] [re-launch] min_thr:952, target throttle:972
[2024-06-18 20:10:47] [status_text] Radio Failsafe - Disarming
[2024-06-18 20:10:54] [status_text] Calibrating barometer
[2024-06-18 20:10:55] [status_text] ArduCopter V4.1.0-dev (98287a1b)
[2024-06-18 20:10:55] [status_text] 43ef9e12cd45440383d4ec9e33e65b21
[2024-06-18 20:10:55] [status_text] Frame: QUAD/PLUS
[2024-06-18 20:10:56] [status_text] Barometer 1 calibration complete
[2024-06-18 20:10:56] [status_text] Barometer 2 calibration complete
[2024-06-18 20:10:57] [status_text] ArduPilot Ready
[2024-06-18 20:10:57] [status_text] AHRS: DCM active
[2024-06-18 20:10:57] [status_text] Radio Failsafe - Disarming
[2024-06-18 20:10:58] [status_text] EKF3 IMU0 buffs IMU=19 OBS=7 OF=17 EN:17 dt=0.0120
[2024-06-18 20:10:58] [status_text] EKF3 IMU1 buffs IMU=19 OBS=7 OF=17 EN:17 dt=0.0120
[2024-06-18 20:10:59] [status_text] EKF3 IMU0 initialised
[2024-06-18 20:10:59] [status_text] EKF3 IMU1 initialised
[2024-06-18 20:10:59] [status_text] AHRS: EKF3 active
[2024-06-18 20:10:59] [status_text] EKF3 IMU1 initial yaw alignment complete
[2024-06-18 20:10:59] [status_text] EKF3 IMU0 initial yaw alignment complete
[2024-06-18 20:11:00] [status_text] EKF3 IMU1 tilt alignment complete
[2024-06-18 20:11:00] [status_text] EKF3 IMU0 tilt alignment complete
[2024-06-18 20:11:03] [status_text] GPS 1: detected as u-blox at 230400 baud
[2024-06-18 20:11:12] [status_text] PreArm: Throttle below Failsafe
[2024-06-18 20:11:12] [status_text] PreArm: Radio failsafe on
[2024-06-18 20:11:13] [status_text] EKF3 IMU0 origin set
[2024-06-18 20:11:13] [status_text] EKF3 IMU1 origin set
[2024-06-18 20:11:34] [status_text] EKF3 IMU1 is using GPS
[2024-06-18 20:11:34] [status_text] EKF3 IMU0 is using GPS
[2024-06-18 20:11:39] [Set_preconditions] PRX_TYPE = 2
[2024-06-18 20:11:42] [status_text] PreArm: Throttle below Failsafe
[2024-06-18 20:11:42] [status_text] PreArm: Radio failsafe on
[2024-06-18 20:11:42] [status_text] PreArm: Throttle below Failsafe
[2024-06-18 20:11:42] [status_text] PreArm: Radio failsafe on
[2024-06-18 20:12:10] [Debug] drone_status:5
[2024-06-18 20:12:10] Incrementing the status_ctr
[2024-06-18 20:12:10] Drone status Status: 5 Hit_ground: 0 PreArm: 0
[2024-06-18 20:12:10] Restarting the vehicle
[2024-06-18 20:12:10] #-----------------------------------------------------------------------------
[2024-06-18 20:12:10] #-----------------------------------------------------------------------------
[2024-06-18 20:12:10] #------------------------- RE-LAUNCH the vehicle -----------------------------
[2024-06-18 20:12:10] #-----------------------------------------------------------------------------
[2024-06-18 20:12:10] #-----------------------------------------------------------------------------
[2024-06-18 20:12:10] [status_text] Radio Failsafe Cleared
[2024-06-18 20:12:10] [status_text] SaveWaypoint LOW
[2024-06-18 20:12:15] [re-launch] min_thr:952, target throttle:972
[2024-06-18 20:12:15] [status_text] Radio Failsafe - Disarming
[2024-06-18 20:12:23] [status_text] Calibrating barometer
[2024-06-18 20:12:24] [status_text] ArduCopter V4.1.0-dev (98287a1b)
[2024-06-18 20:12:24] [status_text] 43ef9e12cd45440383d4ec9e33e65b21
[2024-06-18 20:12:24] [status_text] Frame: QUAD/PLUS
[2024-06-18 20:12:24] [status_text] Barometer 1 calibration complete
[2024-06-18 20:12:24] [status_text] Barometer 2 calibration complete
[2024-06-18 20:12:25] [status_text] ArduPilot Ready
[2024-06-18 20:12:25] [status_text] AHRS: DCM active
[2024-06-18 20:12:25] [status_text] Radio Failsafe - Disarming
[2024-06-18 20:12:26] [status_text] EKF3 IMU0 buffs IMU=19 OBS=7 OF=17 EN:17 dt=0.0120
[2024-06-18 20:12:26] [status_text] EKF3 IMU1 buffs IMU=19 OBS=7 OF=17 EN:17 dt=0.0120
[2024-06-18 20:12:27] [status_text] EKF3 IMU0 initialised
[2024-06-18 20:12:27] [status_text] EKF3 IMU1 initialised
[2024-06-18 20:12:27] [status_text] AHRS: EKF3 active
[2024-06-18 20:12:27] [status_text] EKF3 IMU1 initial yaw alignment complete
[2024-06-18 20:12:27] [status_text] EKF3 IMU0 initial yaw alignment complete
[2024-06-18 20:12:28] [status_text] EKF3 IMU1 tilt alignment complete
[2024-06-18 20:12:28] [status_text] EKF3 IMU0 tilt alignment complete
[2024-06-18 20:12:31] [status_text] GPS 1: detected as u-blox at 230400 baud
[2024-06-18 20:12:40] [status_text] PreArm: Throttle below Failsafe
[2024-06-18 20:12:40] [status_text] PreArm: Radio failsafe on
[2024-06-18 20:12:41] [status_text] EKF3 IMU0 origin set
[2024-06-18 20:12:41] [status_text] EKF3 IMU1 origin set
[2024-06-18 20:13:02] [status_text] EKF3 IMU1 is using GPS
[2024-06-18 20:13:02] [status_text] EKF3 IMU0 is using GPS
[2024-06-18 20:13:07] [Set_preconditions] PRX_TYPE = 2
[2024-06-18 20:13:10] [status_text] PreArm: Throttle below Failsafe
[2024-06-18 20:13:10] [status_text] PreArm: Radio failsafe on
[2024-06-18 20:13:10] [status_text] PreArm: Throttle below Failsafe
[2024-06-18 20:13:10] [status_text] PreArm: Radio failsafe on
[2024-06-18 20:13:38] [Debug] drone_status:5
[2024-06-18 20:13:38] Incrementing the status_ctr
[2024-06-18 20:13:38] Drone status Status: 5 Hit_ground: 0 PreArm: 0
[2024-06-18 20:13:38] Restarting the vehicle
[2024-06-18 20:13:38] #-----------------------------------------------------------------------------
[2024-06-18 20:13:38] #-----------------------------------------------------------------------------
[2024-06-18 20:13:38] #------------------------- RE-LAUNCH the vehicle -----------------------------
[2024-06-18 20:13:38] #-----------------------------------------------------------------------------
[2024-06-18 20:13:38] #-----------------------------------------------------------------------------
[2024-06-18 20:13:38] [status_text] Radio Failsafe Cleared
[2024-06-18 20:13:39] [status_text] SaveWaypoint LOW
[2024-06-18 20:13:44] [re-launch] min_thr:952, target throttle:972
[2024-06-18 20:13:44] [status_text] Radio Failsafe - Disarming
[2024-06-18 20:13:52] [status_text] Calibrating barometer
[2024-06-18 20:13:53] [status_text] ArduCopter V4.1.0-dev (98287a1b)
[2024-06-18 20:13:53] [status_text] 43ef9e12cd45440383d4ec9e33e65b21
[2024-06-18 20:13:53] [status_text] Frame: QUAD/PLUS
[2024-06-18 20:13:53] [status_text] Barometer 1 calibration complete
[2024-06-18 20:13:53] [status_text] Barometer 2 calibration complete
[2024-06-18 20:13:54] [status_text] ArduPilot Ready
[2024-06-18 20:13:54] [status_text] AHRS: DCM active
[2024-06-18 20:13:54] [status_text] Radio Failsafe - Disarming
[2024-06-18 20:13:55] [status_text] EKF3 IMU0 buffs IMU=19 OBS=7 OF=17 EN:17 dt=0.0120
[2024-06-18 20:13:55] [status_text] EKF3 IMU1 buffs IMU=19 OBS=7 OF=17 EN:17 dt=0.0120
[2024-06-18 20:13:56] [status_text] EKF3 IMU0 initialised
[2024-06-18 20:13:56] [status_text] EKF3 IMU1 initialised
[2024-06-18 20:13:56] [status_text] AHRS: EKF3 active
[2024-06-18 20:13:56] [status_text] EKF3 IMU1 initial yaw alignment complete
[2024-06-18 20:13:56] [status_text] EKF3 IMU0 initial yaw alignment complete
[2024-06-18 20:13:57] [status_text] EKF3 IMU1 tilt alignment complete
[2024-06-18 20:13:57] [status_text] EKF3 IMU0 tilt alignment complete
[2024-06-18 20:14:00] [status_text] GPS 1: detected as u-blox at 230400 baud
[2024-06-18 20:14:09] [status_text] PreArm: Throttle below Failsafe
[2024-06-18 20:14:09] [status_text] PreArm: Radio failsafe on
[2024-06-18 20:14:10] [status_text] EKF3 IMU0 origin set
[2024-06-18 20:14:10] [status_text] EKF3 IMU1 origin set
[2024-06-18 20:14:31] [status_text] EKF3 IMU1 is using GPS
[2024-06-18 20:14:31] [status_text] EKF3 IMU0 is using GPS
[2024-06-18 20:14:36] [Set_preconditions] PRX_TYPE = 2
[2024-06-18 20:14:39] [status_text] PreArm: Throttle below Failsafe
[2024-06-18 20:14:39] [status_text] PreArm: Radio failsafe on
[2024-06-18 20:14:39] [status_text] PreArm: Throttle below Failsafe
[2024-06-18 20:14:39] [status_text] PreArm: Radio failsafe on
[2024-06-18 20:15:07] [Debug] drone_status:5
[2024-06-18 20:15:07] Incrementing the status_ctr
[2024-06-18 20:15:07] Drone status Status: 5 Hit_ground: 0 PreArm: 0
[2024-06-18 20:15:07] Restarting the vehicle
[2024-06-18 20:15:07] #-----------------------------------------------------------------------------
[2024-06-18 20:15:07] #-----------------------------------------------------------------------------
[2024-06-18 20:15:07] #------------------------- RE-LAUNCH the vehicle -----------------------------
[2024-06-18 20:15:07] #-----------------------------------------------------------------------------
[2024-06-18 20:15:07] #-----------------------------------------------------------------------------
[2024-06-18 20:15:07] [status_text] Radio Failsafe Cleared
[2024-06-18 20:15:07] [status_text] SaveWaypoint LOW
[2024-06-18 20:15:12] [re-launch] min_thr:952, target throttle:972
[2024-06-18 20:15:12] [status_text] Radio Failsafe - Disarming
[2024-06-18 20:15:20] [status_text] Calibrating barometer
[2024-06-18 20:15:21] [status_text] ArduCopter V4.1.0-dev (98287a1b)
[2024-06-18 20:15:21] [status_text] 43ef9e12cd45440383d4ec9e33e65b21
[2024-06-18 20:15:21] [status_text] Frame: QUAD/PLUS
[2024-06-18 20:15:21] [status_text] Barometer 1 calibration complete
[2024-06-18 20:15:21] [status_text] Barometer 2 calibration complete
[2024-06-18 20:15:22] [status_text] ArduPilot Ready
[2024-06-18 20:15:22] [status_text] AHRS: DCM active
[2024-06-18 20:15:22] [status_text] Radio Failsafe - Disarming
[2024-06-18 20:15:23] [status_text] EKF3 IMU0 buffs IMU=19 OBS=7 OF=17 EN:17 dt=0.0120
[2024-06-18 20:15:23] [status_text] EKF3 IMU1 buffs IMU=19 OBS=7 OF=17 EN:17 dt=0.0120
[2024-06-18 20:15:24] [status_text] EKF3 IMU0 initialised
[2024-06-18 20:15:24] [status_text] EKF3 IMU1 initialised
[2024-06-18 20:15:24] [status_text] AHRS: EKF3 active
[2024-06-18 20:15:24] [status_text] EKF3 IMU1 initial yaw alignment